source_genesymbol,target_genesymbol,weight
ZIC1,ATOH1,1
HES5,ATOH1,1
ATOH1,HES5,1
DLL1,NOTCH1,1
NOTCH1,DLL1,1
SIX1,OTX2,1
SIX1,HMX3,1
SIX1,DLX5,1
SIX1,OTX1,1
SIX1,DACH1,1
SIX1,DACH2,1
PROX1,GFI1,1
PROX1,ATOH1,1
PAX3,DACH2,1
DACH2,PAX3,1
FOXI1,PAX8,1
CREB1,BACH2,1
ATM,MCM5,1
TP53,ATF3,1
ATF3,TP53,1
ATM,TERF2,1
TERF2,ATM,1
MYCN,MCM5,1
MYCN,MCM2,1
ABL1,TP73,1
NPAS2,PER2,1
NPAS2,PER1,1
MYCN,TP53,1
RBL1,E2F4,1
E2F4,RBL1,1
RBL2,E2F5,1
RBL2,E2F4,1
TP53BP1,HDAC4,1
PIN1,BRAF,1
HBP1,MYC,1
TRRAP,MYC,1
ATM,CHD4,1
ATOH1,POU4F3,1
POU4F3,GFI1,1
SOX2,ATOH1,1
ID3,ATOH1,1
ID2,ATOH1,1
NOTCH1,PAX8,1
ID1,ATOH1,1
E2F1,BRCA1,1
SIX1,PAX2,1
FOXI1,SIX1,1
E2F1,EZH2,1
NOTCH1,ATOH1,1
NOTCH1,HES5,1
NOTCH1,SOX2,1
NOTCH1,HES1,1
SIX1,GATA3,1
E2F7,E2F8,1
SIRT6,RBBP8,1
PKNOX1,PAX6,1
NKX3-1,HDAC1,1
AR,NKX3-1,1
NKX3-1,AR,1
E2F6,RBBP8,1
TP53,ARID3A,1
TP53,APC,1
NFYA_NFYB_NFYC,DDIT3,1
E2F1,EED,1
FUBP1,MYC,1
MECP2,PER1,1
MECP2,PER2,1
BTG2,PER1,1
E2F6,BRCA1,1
TP53,DNMT1,1
E2F2,EED,1
IKBKB,TNFAIP3,1
TNFAIP3,IKBKB,1
E2F2,EZH2,1
ATM,NFAT5,1
TP53,HIPK2,1
HIPK2,TP53,1
ATM,HIPK2,1
GTF2I,CCND1,1
ATM,ABL1,1
XPC,ATM,1
ATM,XPC,1
ABL1,STAT1,1
ABL1,TOP1,1
STAT1,MYC,1
STAT1,IRF1,1
EIF2AK2,STAT1,1
ATM,SMC3,1
TAL1,NKX3-1,1
SIRT2,FOXO1,1
TP53,VDR,1
TP53,TRIM22,1
SFPQ,NONO,1
NONO,TOP1,1
TRIM28,ATM,1
ATM,TRIM28,1
E2F7,SP1,1
HMGA2,ATM,1
ATM,HMGA2,1
HMGA1,ATM,1
ATM,HMGA1,1
TP53,PLAGL1,1
PLAGL1,TP53,1
E2F1,XPC,1
PPARG,KLF15,1
E2F1,DDB2,1
DDB2,E2F1,1
ATM,MDM2,1
TP53,RB1,1
RB1,TP53,1
TP53,PRDM1,1
NR2F2,CEBPA,1
TP53,PML,1
PML,TP53,1
NR2F2,PPARG,1
PPARG,NR2F2,1
TP53,COP1,1
COP1,TP53,1
TP73,TP53,1
TP53,TP73,1
TP53,TP63,1
ETS1,STAT1,1
TP53,HIF1A,1
HIF1A,TP53,1
XPC,DDB1,1
XRCC5,DDB2,1
KMT2D,RELB,1
KMT2B,RELB,1
KMT2A,RELB,1
MBD1,SETDB1,1
E2F1,HIC1,1
HIC1,E2F1,1
SMARCA4,HIC1,1
ARNT_HIF1A,BHLHE41,1
CTBP1,ELK3,1
ARNT_HIF1A,ETS1,1
TP53,BCL6,1
BCL6,TP53,1
TP53,RAD51,1
TP53,HIC1,1
TP53,IRF5,1
BCL6,ZBTB17,1
VHL,HIF1A,1
MYB,GATA3,1
MYB,MYC,1
EP300,MYB,1
CREBBP,MYB,1
TP53BP1,ATM,1
ATM,TP53BP1,1
PIN1,BCL6,1
PER1,ATM,1
ATM,PER1,1
SIRT1,PER2,1
RORA,BMAL1,1
RORB,BMAL1,1
RORC,BMAL1,1
PARP1,HIF1A,1
BMAL1,NR1D1,1
NR1D1,BMAL1,1
BMAL1,PER1,1
PER1,BMAL1,1
BMAL1,PER2,1
PER2,BMAL1,1
NR1D2,BMAL1,1
SIRT6,RELA,1
COPS5,MYC,1
COPS5,HIF1A,1
COPS5,MDM2,1
COPS5,JUN,1
NKRF,NFKB2,1
NKRF,NFKB1,1
NKRF,RELA,1
NKRF,REL,1
TWIST1,RELA,1
ATM,RBBP8,1
ATM,UPF1,1
ATM,TRAF6,1
PARP1,CHD4,1
PARP1,TOP1,1
KAT5,AR,1
KAT5,MYC,1
PML,KAT5,1
SMARCB1,MYC,1
RB1,HIF1A,1
HDAC3,TRIM28,1
TRIM28,STAT3,1
TRIM28,TBL1XR1,1
RB1,E2F1,1
E2F1,RB1,1
E2F1,PTTG1,1
KLF6,PTTG1,1
PTTG1,TP53,1
DDX5,TP53,1
DDX5,HDAC1,1
NFKBIZ,STAT3,1
BCL3,NFKB2,1
STAT3,JUNB,1
STAT3,DNMT1,1
BCL3,NFKB1,1
STAT3,KLF4,1
STAT3,EGR1,1
STAT3,PRDM1,1
TP53,EP300,1
EP300,TP53,1
CTNNB1,FOXO1,1
FOXO1,KLF4,1
NFKB1,CREBBP,1
CREBBP,NFKB1,1
SIRT1,FOXO1,1
CREBBP,RELB,1
NR1I2,FOXO1,1
FOXO1,NR1I2,1
CTNNB1,FOXO4,1
CTNNB1,FOXO3,1
CTNNB1,CREBBP,1
CREBBP,CTNNB1,1
CTNNB1,EP300,1
EP300,CTNNB1,1
MTA1,SIX3,1
CTBP1,TCF7L2,1
CDX2,CDX4,1
E2F1,RAD51,1
BACH1,NFE2L2,1
DDIT3,FOSL1,1
CEBPB,RUNX2,1
ATM,SRSF1,1
SIRT1,FOXO3,1
STAT6,NFIL3,1
PIAS4,STAT1,1
STAT6,GATA3,1
TRAF6,IRF5,1
IKBKB,NFKB1,1
NFKB1,IKBKB,1
KAT5,TP53,1
MDM2,KAT5,1
EIF2AK2,EIF2S1,1
FOS,NFAT5,1
JUN,NFAT5,1
PARP1,PIAS4,1
CREB1,ATM,1
ATM,CREB1,1
ATF1,ATM,1
ATM,ATF1,1
CREB1,CRTC2,1
CRTC2,CREB1,1
CREB1,CREBBP,1
CREBBP,CREB1,1
PIAS4,TCF7L2,1
CREB1,TCF3,1
CREB1,SMARCA4,1
CREB1,SMAD6,1
CREB1,MYC,1
CREB1,MTA3,1
IRF1,CCNT2,1
SIRT1,KAT5,1
EHMT2,DNMT3B,1
EHMT2,DNMT3A,1
KDM6A,RB1,1
UHRF1,DNMT1,1
TRIM28,STAT1,1
TRIM28,HDAC1,1
HDAC1,TRIM28,1
HDAC2,STAT3,1
MEN1,KMT2A,1
KMT2A,MEN1,1
MEN1,HOXC6,1
MEN1,HOXC8,1
SIRT1,RELA,1
SIRT1,RELB,1
SIRT1,NFKBIA,1
MEN1,HOXC9,1
STAT1,CREBBP,1
CREBBP,STAT1,1
STAT1,IRF8,1
JUN,CTNNB1,1
TLE5,RELA,1
TLE5,CTNNB1,1
PHF1,SUZ12,1
EP300,BCL6,1
HOXA10,FOXO1,1
AR,FOXO1,1
FOXO1,AR,1
AR,FOXO3,1
CEBPB,FOXO1,1
MDM2,AR,1
PPARA,FOXO1,1
FOXO1,PPARA,1
SLC2A4RG,MEF2A,1
FOXO1,PPARG,1
FOXO1,NCOR2,1
FOXO1,MAML1,1
IKBKB,RELA,1
IKBKB,NFKBIA,1
IKBKB,NFKBIB,1
APEX1,TP53,1
APEX1,FOSL1,1
ATM,SMARCC2,1
HMGN1,ATM,1
KAT2B,EP300,1
CREBBP,KAT2B,1
KAT2B,CREBBP,1
PARP1,KDM5B,1
HDAC1,TP53,1
SIRT1,XRCC6,1
ATM,ATF2,1
MTA1,ESR1,1
MTA1,BRCA1,1
ATM,EP300,1
EP300,DDX5,1
HDAC10,TRIM28,1
EP300,PARP1,1
ZNF350,TRIM28,1
LHX4,TSHB,1
CHD8,CTNNB1,1
PER2,NR1D1,1
PAX8,WT1,1
LHX3,TSHB,1
PAX8,GATA3,1
TBX21,ONECUT2,1
LHX4,POU1F1,1
LHX4,GH1,1
TWIST1,MDM2,1
TWIST1,GLI1,1
TWIST1,YBX1,1
ZBTB16,PBX1,1
ZBTB16,MYC,1
ZBTB16,HOXD11,1
ZBTB16,HOXB2,1
NCOR2,PPARG,1
NCOR1,PPARG,1
SIRT1,NCOR2,1
SIRT1,NCOR1,1
PIAS4,TCF4,1
CTNNB1,TCF7L2,1
SMAD3,FOXO1,1
MAML1,RBPJ,1
NCOR1,RBPJ,1
ESR1,FOXO1,1
PGR,FOXO1,1
FOXO1,PGR,1
NR1I3,FOXO1,1
SOX4,TCF7L2,1
SOX17,TCF7L2,1
FOXG1,FOXO1,1
SMAD2,TCF7L2,1
SMAD3,TCF7L2,1
EP300,SMAD2,1
SMAD2,EP300,1
CEBPB,E2F4,1
HDAC1,AR,1
APEX1,ARNT,1
PARP1,ATM,1
ATM,PARP1,1
HINFP,ATM,1
ARNT_HIF1A,FLT1,1
ARNT_HIF1A,ENO1,1
MED14,STAT2,1
IRF1,BRIP1,1
RB1,YY1,1
YY1,RB1,1
FOXO3,ATM,1
TP53,E2F1,1
E2F1,TP53,1
STAT1,ARNT,1
STAT1,HIF1A,1
PIN1,TP53,1
PPP1R13L,TP53,1
MYC,NFYA,1
MYC,NFYC,1
ATM,KAT8,1
KAT8,ATM,1
HDAC1,GLI1,1
MTA2,TP53,1
EP300,HMGN1,1
HMGN1,PBRM1,1
HMGN1,TRRAP,1
HMGN1,KAT2B,1
TRIM28,MDM2,1
EP300,HIF1A,1
EP300,ARNT,1
CREBBP,ARNT,1
E2F4,MYBL2,1
COPS5,SMAD4,1
SMAD3,NANOG,1
SMAD2,NANOG,1
E2F1,KAT2A,1
KAT2A,E2F1,1
TRIM28,SETDB1,1
E2F1,ATM,1
ATM,E2F1,1
ATM,SP1,1
ATM,MDM4,1
TP53,NFYB,1
NFYB,TP53,1
TP53,NFYA,1
ING2,EP300,1
SIRT1,APEX1,1
MDM2,APEX1,1
MDM4,MDM2,1
MDM2,MDM4,1
MDM4,TP53,1
TP53,MDM4,1
APEX1,STAT3,1
APC,CTNNB1,1
EP300,APEX1,1
NFYA_NFYB_NFYC,E2F1,1
SMAD3,CREBBP,1
CREBBP,SMAD3,1
KAT2B,SMAD2,1
SMAD3,EP300,1
EP300,SMAD3,1
SMAD2,CREBBP,1
CREBBP,SMAD2,1
PIAS1,SMAD4,1
PIAS2,SMAD4,1
YAP1,TP73,1
HIPK2,CTBP1,1
ABL1,YAP1,1
E2F1,RELA,1
E2F6,E2F1,1
E2F1,E2F6,1
TP53,SIRT1,1
SIRT1,TP53,1
POU4F3,LHX3,1
CREBBP,STAT6,1
CTNNBIP1,CTNNB1,1
EP300,STAT6,1
HIPK2,PML,1
PML,YAP1,1
YAP1,PML,1
NCOR2,HDAC3,1
NCOR1,HDAC3,1
HDAC3,RELA,1
SP1,HDAC4,1
ATM,TERF1,1
CREBBP,HNF1A,1
KAT2B,HNF1A,1
TP53,MDM2,1
MDM2,TP53,1
APEX1,EGR1,1
APEX1,RELB,1
BRCA1,ATM,1
ATM,BRCA1,1
TP53,ATM,1
ATM,TP53,1
APEX1,FOS,1
AR,TMPRSS2,1
E2F1,TP73,1
LMO4,BRCA1,1
BRCA1,RBBP8,1
RBBP8,BRCA1,1
RELA,CREBBP,1
CREBBP,RELA,1
HDAC3,CREBBP,1
CREBBP,NFE2L2,1
MAF,NFE2L2,1
TRAF6,MYB,1
ABL1,RAD51,1
ZFHX3,NEUROD1,1
ZBTB16,CEBPA,1
HDAC3,MAFK,1
ZBTB16,GFI1,1
EP300,ZBTB16,1
ZBTB16,ID2,1
ATF1,NKX6-1,1
ATF1,ARNT2,1
MEN1,JUND,1
ABL1,PLSCR1,1
ABL1,MDM4,1
ABL1,NCOA3,1
ABL1,NFKBIA,1
ABL1,MUC1,1
MUC1,ABL1,1
ABL1,MYOD1,1
POU5F1_SOX2,UTF1,1
FOXM1,MYC,1
ABL1,JUN,1
ABL1,MDM2,1
FOXM1,ONECUT1,1
FOXM1,FOS,1
FOXM1,FOXF1,1
FOXM1,ESR1,1
ABL1,ESR1,1
ABL1,ARHGAP35,1
ABL1,DDB2,1
FOXM1,CDX2,1
ABL1,ENO1,1
FOXM1,BMI1,1
FOXM1,BRCA2,1
CCND1,FOXM1,1
FOXM1,CCND1,1
ESR1,PGR,1
PGR,ESR1,1
ESR1,CRH,1
ABL1,CTNNB1,1
ATF2,RB1CC1,1
FOXL2,PPARGC1A,1
FOXL2,SIRT1,1
SIRT1,FOXL2,1
FOXL2,TNFAIP3,1
FOXL2,NR5A2,1
KMT2A,HOXA7,1
KMT2A,MEIS1,1
KMT2A,FOXC2,1
KMT2A,HOXA1,1
KMT2A,FOXC1,1
KMT2A,MYC,1
SP1,TBX21,1
SP1,LHX4,1
SP1,KLF8,1
FOXL2,ATF3,1
FOXL2,FOS,1
KMT2A,HOXC8,1
KMT2A,HOXA9,1
ARNT_HIF1A,ID2,1
ING1,HDAC1,1
ING2,HDAC1,1
EZH2,BRCA1,1
ARNT_HIF1A,CITED2,1
MYC,TFDP1,1
TFDP1,MYC,1
ABL1,STAT5B,1
ABL1,STXBP1,1
ABL1,STAT6,1
KAT7,MCM2,1
ABL1,STAT5A,1
ABL1,STAT3,1
ABL1,RB1,1
RB1,ABL1,1
DENND4A,BRD7,1
TP53,XPC,1
SMAD2,SP1,1
TP53,ID2,1
AR,JUN,1
ESR1,CCND1,1
CCND1,ESR1,1
ESR1,MYC,1
ESR1,XBP1,1
ESR1,GATA3,1
E2F1,MYBL2,1
ESR1,RARA,1
RARA,ESR1,1
CEBPB,STAT3,1
HNF4A,PPARA,1
COPS5,FOS,1
COPS5,NCOA1,1
SP1,SMARCA1,1
SP1,SREBF1,1
NFYA_NFYB_NFYC,HOXB4,1
HIC1,SIRT1,1
NFYA_NFYB_NFYC,EMX2,1
NFYA_NFYB_NFYC,SHOX2,1
SMARCA4,XPC,1
XPC,SMARCA4,1
DDB2,XPC,1
FOXO3,RBL2,1
FOXO3,ID1,1
FOXO3,ESR1,1
ABL1,APBB1,1
FOXO3,BCL6,1
BRCA1,SOX2,1
HHEX,GSC,1
HIC1,ATOH1,1
HHEX,FLT1,1
FOXO3,KLF4,1
PIAS1,SOX9,1
MYC,E2F1,1
E2F1,MYC,1
FOXO1,KLF2,1
EP300,TP63,1
GATA1,SPI1,1
SPI1,GATA1,1
STAT3,SPI1,1
CEBPA,SPI1,1
ATM,MCM2,1
TP53,BTG2,1
BTG2,CCND1,1
RARA,ETS1,1
RARA,CEBPE,1
RARA,CDX1,1
RARA,CRABP2,1
EGR1,ID3,1
ID3,TCF3,1
STAT3,RELA,1
RB1,E2F3,1
RB1,E2F2,1
PBX1,NANOG,1
NFIC,TFAP2A,1
NFIC,SRSF2,1
NFE2L2,ETS1,1
HSF1,HDAC1,1
HSF1,HDAC2,1
HNF4A,NR0B2,1
NR0B2,HNF4A,1
NR1I2,HNF4A,1
HNF4A,NR1I2,1
HNF4A,HNF1A,1
NFIA,TP53,1
EGR1,PPARG,1
KMT2A,HOXA11,1
KMT2A,HOXA10,1
KMT2A,HOXA13,1
ZNF350,BRCA1,1
CEBPB,LBP,1
NOTCH1_RBPJ,HES5,1
TLX1,NR4A3,1
TLX1,WT1,1
INSM1,NEUROD1,1
PAX6,MAF,1
SIX3,PAX6,1
PAX6,SIX3,1
MEIS2,PAX6,1
TLX1,SMARCD3,1
TLX1,NFKB2,1
TLX1,ASCL1,1
ATF2,ATF3,1
BRCA1,NFE2L2,1
SIRT3,XRCC6,1
EGR1,NAB2,1
NAB2,EGR1,1
EGR1,TGFB1,1
TP53BP1,TP53,1
NAB1,EGR1,1
EGR1,TP53,1
TP53,DDB2,1
SPI1,TAL1,1
SPIB,XBP1,1
SPIB,PRDM1,1
HDAC1,GLI2,1
NRF1,EIF2S1,1
NRF1,TFAM,1
PPARGC1A,GABPA,1
ESRRA,PPARGC1A,1
PPARGC1A,ESRRA,1
GLI1,GLI2,1
GLI2,GLI1,1
GLI2,NANOG,1
GLI1,NANOG,1
FOXD3,NANOG,1
POU5F1,NANOG,1
SOX2,NANOG,1
KLF4,NANOG,1
PIN1,NANOG,1
DDIT3,JUND,1
GLI1,NKX2-2,1
BARD1,BRCA1,1
SPI1,MYB,1
SPI1,NR3C1,1
SPI1,NF1,1
ATM,KAT5,1
KAT5,ATM,1
ATF4,FUS,1
EP300,STAT3,1
EP300,STAT5A,1
PIAS1,STAT1,1
PIAS3,STAT3,1
PIAS1,GLI2,1
PIAS1,GLI3,1
PIAS3,MITF,1
PIAS4,BRCA1,1
PIAS1,GLI1,1
HOXA5,TP53,1
RARA,RARB,1
RARA,RARG,1
RARA,HOXA1,1
RARA,HOXA4,1
RARA,HOXA7,1
RARA,HOXB1,1
RARA,FOXA1,1
HTATIP2,TP53,1
RARA,TLX2,1
ABL1,BRCA1,1
BRCA1,ABL1,1
RARA,HOXB5,1
RARA,HOXB4,1
RARA,HOXD4,1
RARB,RXRG,1
RARB,RARG,1
SOX9,NKX3-2,1
MDM2,TP63,1
TP63,MDM2,1
RARA,RXRG,1
RXRG,RARA,1
RARA,BTG2,1
RARA,RAI1,1
SOX10,MITF,1
SOX10,EGR2,1
SOX10,ASCL1,1
SPI1,CREBBP,1
SOX10,SOX6,1
SPI1,BCL6,1
PIAS4,LEF1,1
NOTCH1,RBPJ,1
JUN,SMAD4,1
SMAD4,JUN,1
JUN,SMAD3,1
SMAD3,JUN,1
AR,NCOA2,1
NCOA2,AR,1
NFKB2,RELB,1
NFKBIB,NFKBIA,1
SMAD4,ATF2,1
YAP1,SMAD7,1
SMAD2,MEF2A,1
KMT2A,KAT8,1
NFKB1,RELA,1
RELA,NFKB1,1
ING1,TP53,1
ZIC1,GLI1,1
NR4A1,TP53,1
EP300,MITF,1
SMAD3,NOTCH1,1
ID2,MYOD1,1
CTNNB1,LEF1,1
LEF1,CTNNB1,1
JUN,ATF2,1
ATF2,JUN,1
SMAD3,SOX9,1
ID2,TCF3,1
ID2,TCF4,1
FOS,JUN,1
JUN,FOS,1
ARID4A,RB1,1
AR,STAT3,1
STAT3,AR,1
SMAD3,AR,1
CTNNB1,TCF7,1
SMAD3,E2F4,1
KAT5,STAT3,1
TGFB1I1,AR,1
NOTCH1,LEF1,1
ING2,TP53,1
SMAD7,SMURF2,1
SMURF2,SMAD7,1
NOTCH3,RBPJ,1
NR2C2,AR,1
MAML2,NOTCH3,1
MAML2,NOTCH1,1
TLE1,SIX3,1
SMAD3,SMAD4,1
SMAD4,SMAD3,1
SMAD3,RUNX2,1
PIAS2,AR,1
NOTCH1,DTX1,1
DTX1,NOTCH1,1
COPS5,SMAD7,1
KAT7,AR,1
RNF14,AR,1
NCOR2,AR,1
SKIL,SMAD2,1
SMAD2,SKIL,1
SKIL,SMAD3,1
SKIL,SMAD4,1
NCOA2,PPARG,1
FOXH1,SMAD2,1
HDAC9,MEF2C,1
EP300,SMAD7,1
SMAD3,ESR1,1
CREBBP,AR,1
APC,CTBP1,1
NOTCH1,SNW1,1
SNW1,NOTCH1,1
SMARCA4,CTNNB1,1
BRIP1,BRCA1,1
SMAD2,MEF2C,1
AR,CTNNB1,1
KAT2B,NOTCH1,1
HDAC3,PPARG,1
MAFG,NFE2L2,1
YY1,NOTCH1,1
KAT2B,AR,1
RELA,NCOR2,1
NFKBIA,RELA,1
RELA,NFKBIA,1
RCOR1,REST,1
SMAD3,RBL1,1
HDAC2,YY1,1
TLE5,SIX3,1
MAX,MNT,1
SMAD2,SMAD4,1
SMAD3,SMAD2,1
SMAD2,SMAD3,1
BRCA2,RAD51,1
RAD51,BRCA2,1
MEN1,NFKB1,1
NFKBIE,NFKB1,1
NFKB1,NFKBIB,1
NFKBIB,NFKB1,1
ID1,TCF4,1
ID1,TCF3,1
ID1,MYOD1,1
MAX,MYC,1
NSD1,AR,1
SKI,SMAD3,1
SKI,SMAD2,1
SKI,SMAD4,1
RBPJ,NCOR2,1
NCOR2,RBPJ,1
MYC,SMAD3,1
MYC,SMAD2,1
DDB2,DDB1,1
IKBKB,PARP1,1
BRCA1,AR,1
SNW1,NCOR2,1
NCOR2,SNW1,1
NR3C1,AR,1
AR,NR3C1,1
SNIP1,SMAD4,1
PA2G4,AR,1
IKBKB,NFKB2,1
NR0B2,AR,1
SNW1,RBPJ,1
SPEN,RBPJ,1
JUN,STAT3,1
HES1,STAT3,1
STAT3,STAT1,1
STAT1,STAT3,1
MYC,ZBTB17,1
KAT2B,SMAD3,1
TRIM24,TRIM28,1
AR,FHL2,1
FHL2,AR,1
MAML1,NOTCH3,1
TGIF1,SMAD2,1
MAML1,NOTCH1,1
MEN1,RELA,1
RELA,NFKBIB,1
TP53,STAT1,1
NCOA1,STAT3,1
BMAL1,CLOCK,1
CLOCK,BMAL1,1
DTX1,EP300,1
DLL1,NOTCH3,1
NOTCH3,DLL1,1
SMAD4,LEF1,1
SMAD3,LEF1,1
SMAD2,LEF1,1
SMAD3,E2F5,1
NCOA4,AR,1
NCOA3,AR,1
NRIP1,AR,1
ID3,TCF4,1
ID3,TCF12,1
PIAS4,AR,1
RARB,RXRA,1
RXRA,RARB,1
STAT1,IRF9,1
STAT2,IRF9,1
IRF9,STAT2,1
SMAD6,SMAD1,1
MEF2C,JUN,1
SMAD4,CREB1,1
SMAD7,SMAD3,1
SMAD3,SMAD7,1
SMAD6,SMAD3,1
SMAD7,SMAD2,1
SMAD2,SMAD7,1
SMAD6,SMAD2,1
SMAD4,FOS,1
CTNNB1,PITX2,1
HIPK2,SKI,1
SMAD1,SMAD4,1
SMAD3,MEF2C,1
CREB1,FOXO4,1
PML,SMAD3,1
PML,SMAD2,1
CTNNB1,SMAD7,1
NCOR2,CTBP1,1
CREB1,SMAD3,1
SIRT1,SMAD7,1
NOTCH1,MEF2C,1
NOTCH1,HIF1A,1
NR0B1,ESR1,1
RARA,RXRA,1
RXRA,RARA,1
RARA,RXRB,1
RXRB,RARA,1
RARG,RXRA,1
RXRA,RARG,1
RARG,RXRB,1
RXRB,RARG,1
RXRA,PPARA,1
PPARA,RXRA,1
RXRA,PPARG,1
PPARG,RXRA,1
RXRA,NR1H3,1
NR1H3,RXRA,1
RXRB,PPARG,1
PPARG,RXRB,1
RXRA,NR2F2,1
NR2F2,RXRA,1
ESR1,NR0B2,1
NR0B2,ESR1,1
ESR1,AR,1
AR,ESR1,1
NR0B1,NR5A1,1
NR5A1,NR0B1,1
NR0B1,AR,1
RARA,ESR2,1
ESR2,RARA,1
NR1H2,PPARA,1
PPARA,NR1H2,1
PPARG,NR1H2,1
NR1H2,PPARG,1
PPARA,NR1H3,1
NR1H3,PPARA,1
PPARG,NR1H3,1
NR1H3,PPARG,1
ESR1,PPARG,1
RXRA,NR1H2,1
NR1H2,RXRA,1
PPARG,RXRG,1
RXRG,PPARG,1
ESR1,RXRA,1
RXRA,ESR1,1
ESR1,ESR2,1
ESR2,ESR1,1
AR,RXRA,1
RXRA,AR,1
AR,NR5A1,1
NR4A1,NR2F2,1
NR4A2,NR4A3,1
NR4A3,NR4A2,1
RARA,CTNNB1,1
VDR,CTNNB1,1
NCOA2,RXRA,1
TRIM8,PIAS3,1
SIRT1,STAT5A,1
TGFB1I1,SMAD1,1
TGFB1I1,SMAD5,1
TGFB1I1,SMAD7,1
NR0B2,SIRT1,1
SIRT1,NR5A2,1
NR0B2,ONECUT1,1
NR2F2,PROX1,1
SMAD2,SMURF2,1
SMURF2,SMAD2,1
CTNNB1,TCF4,1
SMAD2,CREB1,1
TLE1,LEF1,1
LEF1,TLE1,1
SIRT1,FOXO4,1
SMAD4,ATF1,1
CREB1,CTNNB1,1
SMURF2,SMAD1,1
KAT2A,SMAD3,1
KAT2A,SMAD2,1
CTNNB1,TCF3,1
SMAD4,MEF2A,1
SMURF2,SKIL,1
SMAD3,GATA3,1
KAT2A,SMAD7,1
SMAD3,MAX,1
PIAS2,STAT4,1
HIPK2,SMAD1,1
NCOR2,BHLHE41,1
NR3C1,SMAD3,1
SMAD3,NR3C1,1
SMAD3,PIAS4,1
PIAS4,SMAD3,1
PIAS4,SMAD4,1
SMAD5,SMAD4,1
HIPK2,DAXX,1
PIAS3,SMAD3,1
CTNNB1,HNF1A,1
WWP1,SMAD7,1
TGIF1,WWP1,1
WWP1,SMAD2,1
JUN,TCF4,1
SMURF2,CTNNB1,1
GLI3,MED12,1
NOTCH1,SMAD1,1
BHLHE41,RBPJ,1
EP300,SMAD4,1
SMAD4,EP300,1
SMAD6,HOXC8,1
ABL1,RYBP,1
RYBP,ABL1,1
ABL1,RFX1,1
RFX1,ABL1,1
NR0B1,ESR2,1
NR0B2,RXRA,1
NR0B2,NR5A2,1
THRB,RXRA,1
RXRA,THRB,1
THRA,RXRB,1
RXRB,THRA,1
NR0B2,RXRB,1
THRA,RXRA,1
RXRA,THRA,1
RXRA,NR1H4,1
NR1H4,RXRA,1
VDR,RXRA,1
RXRA,VDR,1
VDR,RXRB,1
RXRB,VDR,1
RXRA,NR1I3,1
NR1I3,RXRA,1
NR1I2,RXRA,1
RXRA,NR1I2,1
RXRA,NR4A1,1
NR4A1,RXRA,1
RARA,NR4A1,1
THRB,RXRB,1
RXRB,THRB,1
THRB,STAT5A,1
NR2F1,RXRA,1
RXRA,NR2F1,1
NR2F1,RXRB,1
RXRB,NR2F1,1
NR2F1,NR2F2,1
NR2F2,NR2F1,1
NR2F2,RXRB,1
RXRB,NR2F2,1
NR2F6,THRB,1
NR0B2,ESR2,1
ESR2,NR0B2,1
NR3C1,NR3C2,1
NR3C2,NR3C1,1
NR0B1,NR5A2,1
NR1I2,NR0B2,1
NR0B2,NR1I2,1
RXRB,PPARD,1
PPARD,RXRB,1
RXRA,PPARD,1
PPARD,RXRA,1
NR2C2,HNF4A,1
NR0B1,ESRRG,1
ESRRB,NR0B1,1
NR0B1,ESRRB,1
NR0B1,PGR,1
NR0B1,NR4A1,1
NCOR2,PGR,1
NR0B2,THRA,1
NR0B2,THRB,1
NR0B2,RARA,1
NR0B2,RARB,1
NR0B2,PPARA,1
NR0B2,NR1H2,1
NR0B2,NR1H3,1
NR0B2,NR1I3,1
NR0B2,ESRRB,1
NR0B2,ESRRG,1
NR0B2,ESRRA,1
THRA,RARG,1
RARG,THRA,1
RARA,THRA,1
THRA,RARA,1
RARB,THRA,1
THRA,RARB,1
THRA,RXRG,1
RXRG,THRA,1
THRA,NR2F2,1
NR2F2,THRA,1
THRB,PPARG,1
RARB,RXRB,1
RXRB,RARB,1
RXRG,PPARA,1
PPARA,RXRG,1
NR3C1,PPARG,1
PPARG,NR3C1,1
NR1D1,NR2E3,1
NR2E3,NR1D1,1
NR1H2,PPARD,1
PPARD,NR1H2,1
RXRB,NR1H2,1
NR1H2,RXRB,1
PPARD,NR1H3,1
NR1H3,PPARD,1
NR2F6,RXRA,1
RXRA,NR2F6,1
RXRA,NR4A2,1
NR4A2,RXRA,1
RXRB,PPARA,1
PPARA,RXRB,1
RXRB,NR4A2,1
NR4A2,RXRB,1
THRB,RXRG,1
RXRG,THRB,1
VDR,RXRG,1
RXRG,VDR,1
NR4A2,RXRG,1
RXRG,NR4A2,1
NR2C1,AR,1
NR2C2,ESR1,1
NR2C2,ESR2,1
NR2F6,NR2F2,1
NR2F2,NR2F6,1
NR3C1,NR2F2,1
NR2F2,NR3C1,1
NR3C1,RXRA,1
RXRA,NR3C1,1
NR3C1,NR4A1,1
NR4A1,NR3C1,1
NR3C1,NR4A2,1
NR4A2,NR3C1,1
NR3C1,NR4A3,1
NR4A3,NR3C1,1
NR4A1,NR2F1,1
NR4A1,NR4A2,1
NR4A2,NR4A1,1
NR4A1,NR4A3,1
NR4A3,NR4A1,1
HNF1A,ESR1,1
CTNNB1,NR4A1,1
CTNNB1,NR4A2,1
CTNNB1,NR4A3,1
NCOA2,RARA,1
ESR1,NCOA2,1
ESR1,NRIP1,1
NRIP1,ESR1,1
RARA,NRIP1,1
NRIP1,RARA,1
RXRB,NRIP1,1
NRIP1,RXRB,1
NRIP1,PPARA,1
NFKB1,NFKBIA,1
NFKBIA,NFKB1,1
TCF7,LEF1,1
LEF1,MITF,1
CREM,KCNIP3,1
KCNIP3,CREB1,1
TCF7,SRF,1
CREBBP,JUN,1
CREBBP,ELK1,1
CREBBP,TCF7,1
ABL1,TP53BP1,1
CREM,CREB1,1
CREB1,TAF1,1
PIN1,JUN,1
JUN,CREB1,1
MDM2,TP53BP1,1
CREB1,GTF2B,1
RB1CC1,TP53,1
NFKBIE,NFE2L2,1
IKBKB,NFE2L2,1
HDAC3,NFE2L2,1
MAFG,JUN,1
MAFG,BRIP1,1
ESR1,NFE2L2,1
JUN,NFE2L2,1
JUN,NRF1,1
PTMA,NFE2L2,1
JUNB,NFE2L2,1
JUNB,NRF1,1
JUND,NFE2L2,1
JUND,NRF1,1
SMARCA4,NFE2L2,1
EP300,NFE2L2,1
TRIM28,NFE2L2,1
HDAC1,MAFK,1
HDAC1,NFE2L2,1
NFE2L2,YY1,1
NFE2L2,NFKBIA,1
HDAC2,NFE2L2,1
SIRT1,NFE2L2,1
MAFF,JUN,1
MAFF,NFE2L2,1
KLF2,NFE2L2,1
ATM,NFKBIA,1
ATM,IKBKB,1
EP300,NFKB1,1
EP300,RELA,1
EP300,NCOR2,1
IKBKB,NFKBIE,1
NFKB1,NCOR2,1
HDAC3,NFKB1,1
TRAF6,IKBKB,1
TRAF6,NFKBIA,1
TP53,EIF2AK2,1
EIF2AK2,TP53,1
IRF7,IRF3,1
STAT2,STAT1,1
CREBBP,IRF9,1
EP300,IRF9,1
EP300,FLI1,1
KDM5B,PAX9,1
NCOA3,ATF4,1
PHB2,MYOD1,1
ATM,MECOM,1
MSX2,SPEN,1
SKIL,SMAD1,1
GTF2B,FOXF2,1
SMAD3,CEBPB,1
WWTR1,MYOD1,1
ID2,MYOD1_TCF3,1
FOS_JUN,SPI1,1
SKI,SMAD1,1
TFAP4,NFIA,1
WWTR1,PAX3,1
TNFAIP3,TRAF6,1
HDAC1,RELA,1
CEBPA,USF1,1
ESR1,FOS_JUN,1
YAP1,TEAD4,1
EGR1,SF1,1
HIPK2,ZBTB4,1
ZHX1,ZMYND11,1
STAT6,NFKB1_RELA,1
HOXD12,MAFK,1
XRCC5,PDX1,1
PIN1,IRF3,1
MYOCD,SRF,1
JUN,SPI1,1
WWTR1,TTF1,1
CREBBP,KLF1,1
ATM,SMAD1,1
PCBD1,HNF1B,1
CREB5,JUN,1
IKBKB,COPS5,1
ATM,METTL3,1
E2F1,TFDP1,1
TFDP1,E2F1,1
TRIM25,KLF5,1
BACH1,MAFK,1
WWTR1,RUNX2,1
SMARCA4,SMARCC2,1
TLX3,ETS1,1
ID1,TCF12,1
MYOD1,MEF2C,1
MEF2C,MYOD1,1
RERE,NOTCH1,1
NOTCH1,TCF3,1
HDAC4,MEF2A,1
HOXD12,MAFG,1
PIN1,NOTCH1,1
DRAP1,BTAF1,1
FOXF2,TBP,1
MSX2,DLX2,1
DLX2,MSX2,1
KMT2A,RUNX1,1
NSD1,RELA,1
RELA,EGR1,1
CTNNB1,NOTCH1,1
NOTCH1,CTNNB1,1
EP300,MEF2C,1
TBL1X,CTNNB1,1
BTG2,HOXB9,1
SKI,SMAD5,1
ETS1,GFI1,1
GFI1,ETS1,1
BCL3,HDAC3,1
HIPK2,HDAC3,1
FLI1,GATA1,1
APBB1,TSHZ3,1
BRD4,MYC,1
MYC,BRD4,1
ASXL1,AEBP2_EED_EZH2_RBBP4_SUZ12,1
ZMIZ1,AR,1
SIN3B,TP53,1
DTX1,ASCL1,1
TGFB1,PAX8,1
SMURF2,KLF5,1
TLE4,PAX2,1
ATM,XRCC6,1
IKBKB,IRF5,1
TLX1,RB1,1
E4F1,TP53,1
TAF1,GTF2A1,1
BTAF1,TBP,1
PAX3,MEOX2,1
NR0B2,CEBPA,1
NCOR1,BCL6,1
SMAD3,FOXA1,1
KAT2B,MEF2C,1
KAT5,NOTCH1,1
ATM,SMURF2,1
RBPJ,HEY1,1
HEY1,RBPJ,1
PER1,CLOCK_NPAS2,1
HDAC2,ZNF318,1
SOX17,CTNNB1,1
KMT2A,SPI1,1
ATM,TP63,1
TP63,ATM,1
CTNNB1,KLF4,1
PRRX1,SRF,1
HDAC7,PLAG1,1
NR3C1,HDAC1,1
NDN,PIAS1,1
PRRX1,MAF,1
HIPK2,PAX6,1
PIN1,KLF10,1
SMAD3,PAX6,1
PER2,POU2F1,1
NFKB1_RELA,CCND1,1
TLE5,ZNF503,1
ABL1,IRF3,1
NFKBIA,NFKB1_RELA,1
KLF16,SIN3A,1
JDP2,ATF2,1
POU2AF1,POU2F2,1
BRAF,ABL1,1
LHX3,ISL1,1
ATM,NKX3-1,1
PRMT5,HOXA9,1
SMAD1,RUNX2,1
HDAC4,RUNX2,1
TP73,MDM2,1
MDM2,TP73,1
HDAC1,CCND1,1
HIPK2,AATF,1
HIPK2,EP300,1
HIPK2,FOXM1,1
FOXA1,NFIB,1
WWTR1,SMAD2,1
SOX9,MITF,1
SMAD2_SMAD4,SP1,1
IKBKB,TP53,1
GATA2,PPARG,1
EP300,MAML1,1
MAML1,EP300,1
ATM,RELA,1
HDLBP,RAD51,1
STAT6,STAT1,1
TP53,TAF1,1
TAF1,TP53,1
KLF8,CTBP2,1
TRAF6,KLF4,1
ARNT,HIF1A,1
MSX1,DLX5,1
DLX5,MSX1,1
TRIB3,COP1,1
TRAF6,TP53,1
RBCK1,BACH1,1
LMO3,NHLH2,1
LHX3,ISL2,1
MDM2,HDAC1,1
ATRX,ZBED1,1
ATM,ZFHX3,1
LEF1,ALX4,1
STAT3,FOXO1,1
FOXO1,STAT3,1
EIF2AK2,PA2G4,1
BARD1,ESR1,1
HIPK2,CREBBP,1
HIPK2,MEF2C,1
HIPK2,TCF3,1
IKBKB,GLI1,1
IKBKB,FOXO3,1
HOXD11,MEIS1,1
GABPB1,HCFC1,1
HOXD10,MEIS1,1
IKBKB,NCOA3,1
IKBKB,RBFOX2,1
PTMS,EP300,1
PRDM16,SKI,1
RBPJ,HES1,1
HES1,RBPJ,1
SMAD2_SMAD4,FOS_JUN,1
HIPK2,MDM2,1
NFKB1_RELA,EGR1,1
SMAD3_SMAD4,CEBPB,1
SMURF2,YY1,1
ABL1,TFEB,1
ATM,EZH2,1
ATM,SNAI1,1
EIF2AK2,STAT3,1
IKBKB,REL,1
PAX1,MEOX2,1
ABL1,PPARG,1
TRIM21,IRF7,1
NPM1,HEXIM1,1
ABL1,PAX7,1
ATM,BRD7,1
HIPK2,CREB1,1
HDAC2,CIITA,1
RAD21,ERG,1
HMGA1,HIPK2,1
HIPK2,HMGA1,1
JARID2,NKX2-5,1
NCOR2,SPEN,1
ATM,ZNF148,1
NSD1,NFKB1_RELA,1
MDM2,PER2,1
ABL1,MYC,1
SMC3,MXD4,1
RB1,UBTF,1
SND1,STAT6,1
ATM,ELF4,1
SP1,CRX,1
TSC22D3,FOXO3,1
MRTFA,SRF,1
ABL1,CEBPB,1
NFYA,SP1,1
ATM,HNF1A,1
CREBBP,LHX3,1
MAML1,TP53,1
CBFB,RUNX1,1
ADNP,CTCF,1
MECP2,TET1,1
RBBP7,DNMT1,1
KAT2B,MYOD1,1
TTF2,CDC5L,1
TSC22D3,RELA,1
HDAC3,E2F1,1
TSHZ3,HDAC1,1
NOTCH1,HEY2,1
HEY2,NOTCH1,1
CREB5,ATF2,1
NACC1,ZBTB14,1
TP53,PHB1,1
PHB1,TP53,1
RAD21,RUNX1,1
SOX6,CTNNB1,1
CTNNB1,MYOD1,1
CREBBP,POU1F1,1
LHX1,OTX2,1
TSC22D3,FOXO1,1
EP300,RUNX2,1
SMAD3,FOXP3,1
TBL1XR1,AR,1
HES1,NR3C1,1
ZFP36,MYOD1,1
PAX1,MEOX1,1
SIM1,ARNT,1
MTA1,COP1,1
COP1,MTA1,1
HDAC1,FLI1,1
SIRT1,NOTCH1,1
EIF2AK2,NFKBIA,1
ZNF804A,STAT2,1
TFAP2B,TP53,1
DDX5,AR,1
ZEB2,CTBP1,1
CTBP1,ZEB2,1
FOXO1,TCF4,1
HDAC4,MEF2D,1
NSD2,AR,1
POU4F1,ESR1,1
RBPJ,PAX7,1
USF1,FOSL1,1
MAF,MYB,1
FIZ1,CRX,1
PARP1,CHD2,1
FLI1,KLF1,1
KLF1,FLI1,1
CEBPB,CREB1,1
PAX7,KMT2A,1
SMARCA4,SMARCC1,1
CTNNB1,POU5F1,1
ADNP,CTNNB1,1
NFIB,NFIX,1
EP300,SMAD1,1
PER2,CLOCK_NPAS2,1
PAX5,TLE4,1
POU2AF1,POU2F1,1
SKIL,SMAD5,1
ZIC1,GLI3,1
PAX7,KMT2D,1
SMAD3,MYOD1,1
SMAD3,CEBPA,1
ABL1,TP63,1
HDAC3,HDAC1,1
MEF2A,MYOD1,1
RORA,NR1D1,1
HDAC5,RUNX2,1
ID2,TCF12,1
YAP1,CTNNB1,1
MDM2,EID1,1
TP53,ETS1,1
RAD21,GATA2,1
WWTR1,SMAD3,1
SMARCB1,SMARCA4,1
KLF10,SIN3A,1
PITX3,MTA1,1
ZNF521,EBF1,1
ASXL1,PPARG,1
ID3,MYOD1_TCF3,1
EZH2,AR,1
SMAD3_SMAD4,FOS_JUN,1
ANKRD11,TP53,1
VHL,ARNT_HIF1A,1
SMAD3,NKX2-1,1
LMO2,TAL1,1
RFX3,FOXJ1,1
TRIM25,ZFHX3,1
HDAC1,YY1,1
ING1,SIRT2,1
EP300,PLAG1,1
EPAS1,FOS_JUN,1
HDLBP,CTCF,1
HMGB1,HOXD11,1
SIM2,ARNT,1
SKI,EP300,1
MEN1,HOXA9,1
TRIM21,TRIM5,1
GTF2I,AEBP2_EED_EZH2_RBBP4_SUZ12,1
SMAD3_SMAD4,CEBPA,1
FIZ1,NRL,1
ABL1,KAT5,1
HOXD13,MEIS1,1
THRB,GATA2,1
MTA1,BMAL1_CLOCK,1
HOXB8,PBX3,1
PBX1,HOXB1,1
RBBP8,SPEN,1
ATM,COP1,1
NR0B1,NCOR2,1
PRRX1,MAFB,1
NFKB1_RELA,JUN,1
YAP1,TEAD2,1
STAT1,RELA,1
SRCAP,AR,1
HMGB2,POU3F1,1
EID1,CREBBP,1
MAML1,MEF2C,1
NR2F2,MYOD1,1
PCGF2,HSF2,1
HCFC1,CREB3,1
MYT1L,SIN3B,1
NCOR2,BCL6,1
MECOM,DNMT3A,1
HDLBP,BRCA1,1
MYC,DNMT3A,1
GATA1,ZFPM1,1
SMARCA4,ZEB1,1
KLF9,SIN3A,1
NDN,PPARGC1A,1
PHB2,MEF2A,1
MDM2,FOXO4,1
COP1,CEBPB,1
GATA1,HDAC4,1
IKBKB,BCL3,1
CTNNB1,SOX2,1
LMO1,TAL1,1
WWP1,TP53,1
CIITA,RFX5,1
RFX5,CIITA,1
KLF4,MEIS2,1
TRIM25,ERG,1
HIC1,STAT3,1
HMGB1,HOXD10,1
WWP1,KLF5,1
SIRT6,BMAL1_CLOCK,1
SIRT1,MYOD1,1
MECOM,SMAD3,1
EP300,MEF2A,1
SKIL,SMAD3_SMAD4,1
MDM2,NFATC2,1
EP300,PLAGL2,1
GATA1,RUNX1,1
MDM2,HEXIM1,1
MDM2,SIRT6,1
PIAS4,SMAD3_SMAD4,1
MSX1,LHX2,1
LHX2,MSX1,1
PIAS1,PRDM1,1
ZFPM2,GATA4,1
FUS,PA2G4,1
TRAF6,CRTC2,1
TRIM21,IRF8,1
SIRT1,CTNNB1,1
PIAS4,TP53BP1,1
PPARG,HDAC1,1
FOS_JUN,NFATC1,1
CTBP1,BHLHE41,1
BRCA1,NSD2,1
SMAD3_SMAD4,MYOD1,1
STAT1,NFKB1_RELA,1
KAT6A,RUNX1,1
PAWR,WT1,1
NFATC2,MEF2A,1
RB1,MDM2,1
MDM2,RB1,1
MSX1,DLX2,1
DLX2,MSX1,1
GTF2I,USF1,1
MDM2,RUNX3,1
NOTCH1,ZMIZ1,1
ZMIZ1,NOTCH1,1
GATA2,ETV2,1
NFKBIE,NFKB1_RELA,1
HOXD12,MEIS1,1
TRAF6,MYC,1
TRAF6,IRF7,1
HES1,NOTCH1_NOTCH4_RBPJ,1
HES1,NOTCH1_NOTCH2_RBPJ,1
HES1,NOTCH1_NOTCH3_RBPJ,1
HES1,NOTCH1_RBPJ,1
GTF2I,ARID3A,1
SATB2,TP63,1
RXRA,CTNNB1,1
MSX2,DLX5,1
DLX5,MSX2,1
MDM2,ATXN1,1
BRCA1,TOP1,1
MDM2,KAT2B,1
KAT2B,MDM2,1
MDM2,OVOL2,1
ABL1,DDX5,1
YAP1,TEAD1,1
UPF2,UPF1,1
ATM,ZEB1,1
IKBKB,TWIST1,1
ASXL1,RARA,1
YY1,AEBP2_EED_EZH2_RBBP4_SUZ12,1
BRAF,PAX3,1
SOX3,CTNNB1,1
SIRT1,EP300,1
PARP1,TP53,1
CREBBP,MEF2C,1
MAML1,CTNNB1,1
PITX1,POU1F1,1
MDM2,IRF1,1
TRAF6,STAT3,1
MECP2,YBX1,1
SKI,SMAD3_SMAD4,1
KMT2D,ESR1,1
SMAD9,SMAD4,1
IRF1,IRF8,1
IRF8,IRF1,1
DOT1L,MYC,1
HCFC1,ZBTB17,1
ZBTB17,HCFC1,1
FOXC1,RBPJ,1
SIRT1,PPARGC1A,1
HOXB8,PBX1,1
EID1,EP300,1
TBX2,MYOG,1
RBPJ,MAML2,1
MAML2,RBPJ,1
HOXD12,MAFF,1
GFI1,SPI1,1
FOXM1,CTNNB1,1
CCND1,HDAC2,1
HDAC2,CCND1,1
ABL1,ZNF746,1
NCOA1,ASXL1,1
ASXL1,NCOA1,1
WT1,SRY,1
TBL1XR1,BCL3,1
ATM,TOP2B,1
SOX4,CTNNB1,1
FOXA1,NFIX,1
TFDP1,E2F2,1
E2F2,TFDP1,1
MECP2,CREB1,1
HMGB1,HOXC6,1
KLF13,SIN3A,1
SIRT1,NHLH2,1
TSC22D3,FOXO4,1
MDM2,HIF1A,1
MECP2,DEAF1,1
THRA,GATA2,1
KMT2E,RARA,1
HOXD12,MAF,1
KDM5B,FOXG1,1
TAF4,ATF7,1
CTNNB1,TRRAP,1
IKBKB,NFKB1_RELA,1
KLF4,PBX1,1
ID1,MYOD1_TCF3,1
ZNF318,AR,1
RBCK1,IRF3,1
MDM2,NOTCH1,1
PBX1,MYOD1,1
NR3C1,CEBPB,1
ATM,DAXX,1
GATA1,HDAC3,1
PKNOX1,PBX1,1
YAP1,SMAD1,1
NFKB1_RELA,MYOD1,1
PKNOX1,HOXA1,1
TRIM24,TP53,1
PIN1,MYC,1
SIRT6,SREBF1,1
RUNX3,NOTCH1,1
ATM,KHSRP,1
MUC1,KLF4,1
SMAD6,SMAD4,1
NFIB,NFIC,1
HIPK2,PDX1,1
MYOD1,SMARCA4,1
SOX9,OTX2,1
CHD2,XRCC4,1
DDB1,E2F1,1
RELA,SP1,1
MYOD1,SMARCD3,1
SMARCD3,MYOD1,1
KLF11,SIN3A,1
RUNX2,CREBBP,1
KDM4C,AR,1
HDAC1,FOXO3,1
CREBBP,STAT2,1
PRRX1,MAFG,1
MYC,YY1,1
YY1,MYC,1
PIAS1,DDX5,1
CEBPE,CEBPG,1
ATM,HIF1A,1
DAXX,AIRE,1
PRRX1,MAFF,1
TCF3,MYOD1,1
CREBBP,MYBL1,1
JARID2,GATA4,1
ASXL1,RXRA,1
TET2,WT1,1
AEBP2_EED_EZH2_RBBP4_SUZ12,KDM5B,1
NDN,EID1,1
KDM4C,HIF1A,1
MECP2,DNMT1,1
TLX1,ETS1,1
BTG2,NFE2L2,1
SMAD3_SMAD4,JUN,1
HEXIM1,KDM5B,1
STAT1,IRF2,1
HOXD9,MEIS1,1
ATM,AATF,1
FOXA2,OTX2,1
SMAD6,TBX6,1
HDAC7,PLAGL2,1
GABPB2,HCFC1,1
HMGB1,HOXD3,1
HDAC3,YY1,1
HOXD12,MAFB,1
WWTR1,PAX8,1
HDAC1,NFKB1_RELA,1
CCND1,HDAC3,1
ABL1,HIPK2,1
HNF1B,CREB1,1
CNOT4,KDM5C,1
PER2,BMAL1_CLOCK,1
PKNOX1,HOXB1,1
PTMS,NCOA1,1
LDB1,LHX2,1
SIRT1,XBP1,1
EIF2AK2,KDM4C,1
HDAC8,TP53,1
KHDRBS1,CREBBP,1
SCAND1,MZF1,1
MECOM,RUNX1,1
MAX,MXD4,1
EAF1,ELL,1
HMGB2,POU2F1,1
PER1,BMAL1_CLOCK,1
SKI,SMAD2_SMAD4,1
CHD2,MYOD1,1
E2F3,TFDP1,1
MSX1,TBP,1
PIAS1,SATB2,1
ZNF76,TBP,1
KDM2A,NFKB1_RELA,1
RUNX2,NOTCH1,1
HNF1B,ATF1,1
MSC,TCF3,1
YAP1,RUNX2,1
PRRX1,MAFK,1
SMAD3_SMAD4,CEBPD,1
HMGB1,HOXD9,1
POU3F4,POU3F2,1
MEN1,NFKB1_RELA,1
HMGB1,HOXB3,1
TAF12,ATF7,1
SMAD3,PAX8,1
WWTR1,TEAD1,1
HMGB1,HOXB1,1
BRD4,EP300,1
GATA3,CEBPB,1
SKIL,SMAD2_SMAD4,1
NFX1,SIN3A,1
TP53,NFKB2,1
GTF2I,USF2,1
VHL,TP53,1
SMAD3_SMAD4,YAP1,1
SIRT2,KAT2B,1
NCOA4,PPARG,1
SP4,CRX,1
E2F1,HDAC1,1
HDAC1,E2F1,1
KAT6A,TP53,1
WWP1,TP73,1
NFATC2,MEF2D,1
TSC22D3,NFKB1_RELA,1
CIITA,MYOG,1
SMAD3_SMAD4,ATF2,1
KLF4,SRF,1
PAX3,LEF1,1
NFKB1_RELA,SP1,1
KAT2B,GLI1,1
CC2D1A,RAD21,1
SIM1,AHR_ARNT,1
RELA,HDAC4,1
TAL1,TSG101,1
CBFA2T3,ZNF652,1
POU3F4,POU3F3,1
MDM2,PPARG,1
WWTR1,TEAD2,1
BCOR,HDAC3,1
HIPK2,MECP2,1
SMURF2,SMAD5,1
KDM5A,NOTCH1_NOTCH4_RBPJ,1
KDM5A,NOTCH1_NOTCH2_RBPJ,1
KDM5A,NOTCH1_NOTCH3_RBPJ,1
KDM5A,NOTCH1_RBPJ,1
ATRX,AEBP2_EED_EZH2_RBBP4_SUZ12,1
HMGA1,POU3F1,1
EP300,XBP1,1
SF1,FUS,1
ZIC3,GLI3,1
SF1,EWSR1,1
CTNNB1,PPARG,1
BCOR,BCL6,1
WWTR1,NKX2-1,1
SIRT1,BMAL1_CLOCK,1
KAT6B,RUNX2,1
SMC3,MXD1,1
WWTR1,PPARG,1
SPI1,IRF8,1
TBR1,FOXP2,1
TFAP4,HDAC1,1
DDX5,RUNX2,1
SIRT1,CRTC1,1
HDAC1,MYOD1,1
SP2,IRF1,1
NR3C1,KAT2B,1
NCOA1,STAT5B,1
DAXX,MDM2,1
SMAD6,NR2C2,1
KAT5,SRSF2,1
TFAP4,SP1,1
HDAC3,SMAD7,1
STAT5A,FOXP3,1
SIRT2,MYOD1,1
BCOR,HDAC1,1
EP300,MYOD1,1
PIAS1,TP53BP1,1
TBX2,MYOD1,1
HOXA9,MEIS1,1
SFPQ,TOP1,1
NCOA1,STAT5A,1
EP300_SMAD2_STAT3,RORC,1
MAF,ETS1,1
HMGA2,E4F1,1
JDP2,JUN,1
ESR1,NCOA1,1
NCOA1,ESR1,1
CDH8,CTNNB1,1
CRTC2,NR3C1,1
THAP12,EIF2S1,1
GATA2,SPI1,1
PRDM16,PPARG,1
TRIM24,AR,1
DEPTOR_EEF1A1_MLST8_MTOR_PRR5_RICTOR,YAP1,1
KAT5,MYOD1,1
HMGB2,POU2F2,1
MEF2A,HDAC5,1
HDAC5,MEF2A,1
RELA,JUN,1
JAZF1,NR2C2,1
IRF2BPL,CTNNB1,1
KDM2A,RELA,1
BCL3,HDAC1,1
CREBBP,TP53,1
GTF2I,PRRX1,1
TSC22D3,NFKB2,1
ABL1,HDAC2,1
BCOR,HDAC5,1
POU4F2,ESR1,1
SMURF2,SMAD9,1
MAX,MXI1,1
NR3C1,STAT5A,1
HDAC4,MEF2C,1
NCOA2,NR3C1,1
SMC3,MXI1,1
WWTR1,TEAD4,1
L3MBTL1,TP53BP1,1
KAT6A,RUNX2,1
PAX3,MEOX1,1
HDAC5,MEF2D,1
EGR1,PITX1,1
HDAC5,MEF2C,1
TRIM27,PPARG,1
CREBBP,MYOD1,1
RB1,MYOD1,1
IRF4,IRF5,1
MDM2,EP300,1
GATA3,CEBPA,1
EP300,MEF2D,1
NDN,E2F1,1
SERTAD1,AR,1
TGFB1,SCD5,1
TGFB1,SMAD3,1
SMAD3,TGFB1,1
YBX1,NOTCH1,1
ATM,PELP1,1
IKBKB,TP63,1
ABL1,YY1,1
HIPK2,TLE1,1
HIPK2,CEBPB,1
ATM,APBB1,1
ABL1,TBX21,1
BRAF,NANOG,1
HIPK2,KLF3,1
ABL1,JUNB,1
IKBKB,TP73,1
IKBKB,IRF3,1
ABL1,NFAT5,1
ABL1,FHL2,1
HIPK2,SIRT1,1
HIPK2,RUNX1,1
ATM,SIM2,1
ATM,NRF1,1
ATM,MEN1,1
ATM,EHMT2,1
ATM,PBRM1,1
HIPK2,ELF4,1
TAF1,TAF7,1
TAF7,TAF1,1
ABL1,SNW1,1
ABL1,FOXA1,1
ATM,SMARCA4,1
IKBKB,FOS,1
ATM,ID3,1
ATM,HIC1,1
ABL1,ESR2,1
ATM,NSD2,1
PPARA,NCOR2,1
CTBP1,NRIP1,1
MECOM,CTBP1,1
CREBBP,ESR1,1
PIN1,TP73,1
PIN1,STAT3,1
HES1,TLE1,1
NCOA1,PGR,1
NCOA1,VDR,1
RB1,CCND1,1
CCND1,RB1,1
E2F3,RBL1,1
RBL1,E2F1,1
E2F1,RBL1,1
E2F2,RBL1,1
CREBZF,ATF4,1
HIPK2,ATF1,1
ZHX2,MYC,1
EP300,ABL1,1
EHMT2,DNMT1,1
KAT2A,IRF7,1
KAT2B,IRF7,1
KAT2B,MYC,1
KAT2B,RELA,1
PRMT5,BRAF,1
EHMT2,HDAC1,1
EHMT2,KLF12,1
EHMT2,TP53,1
CREBBP,STAT3,1
EP300,JUN,1
PIAS1,NR5A1,1
KAT2B,TAL1,1
EP300,AR,1
KAT2B,CIITA,1
EP300,RUNX3,1
EP300,ETV1,1
KAT2B,ETV1,1
CREBBP,KAT5,1
EP300,KAT5,1
PIAS4,NR4A2,1
CREBBP,MAFG,1
KAT2B,NRIP1,1
PIAS2,PARK7,1
EP300,KLF5,1
ATM,CTNNB1,1
ATM,JUN,1
ATM,KLF1,1
ATM,MAZ,1
ATM,NFE2L2,1
ATM,NFKB2,1
ATM,NR3C1,1
ATM,SRF,1
ATM,STXBP1,1
HIPK2,STAT3,1
TBP,GTF2A1,1
BRCA1,ESR1,1
JUN,ATF3,1
ATF3,JUN,1
MYC,CEBPB,1
CREBBP,KLF5,1
AHR,ESR1,1
SMARCA4,NR3C1,1
HDAC1,CTBP1,1
CREBBP,ONECUT1,1
IRF3,CREBBP,1
EP300,CCND1,1
ABL1,TP53,1
ARNT,AHR,1
RB1,MYC,1
NRIP1,NR3C1,1
RB1,ATF2,1
ATF2,RB1,1
TAF1,GTF2F1,1
MYC,SP1,1
SP1,MYC,1
CCND1,STAT3,1
STAT3,CCND1,1
AIP,AHR,1
EIF2AK2,ILF3,1
TRIM24,NR3C2,1
MED1,TP53,1
NR3C1,CREB1,1
NR3C1,NFKB1,1
NR3C1,RELA,1
RELA,NR3C1,1
IFI16,TP53,1
ATF4,CREBBP,1
PML,JUN,1
RELA,MYC,1
JUN,ETS1,1
TSG101,MDM2,1
CTNNB1,TCF7L1,1
TRIM24,ESR1,1
NCOR1,ESR1,1
ESR1,JUN,1
JUN,ESR1,1
WT1,TP53,1
HNF4A,FOXO1,1
NR3C1,TP53,1
TP53,NR3C1,1
ABL1,XRCC6,1
TAF1,TBP,1
KAT5,FOXP3,1
CREBBP,NCOA3,1
COPS5,TP53,1
KAT8,TP53,1
BRCA1,NPM1,1
ESR1,RELA,1
SPEN,NCOR1,1
KAT2B,KLF13,1
HDAC3,MYC,1
AR,NCOR1,1
EP300,SREBF1,1
TRRAP,KAT2A,1
HDAC1,KLF1,1
HDAC3,RUNX2,1
NCOR1,PPARA,1
EP300,SP1,1
EP300,NCOA3,1
CREBBP,SREBF1,1
NCOR2,ESR1,1
TRIM28,E2F1,1
EP300,NR4A1,1
EP300,ESR1,1
TP53,KAT2B,1
KAT2B,TP53,1
TAF1,MDM2,1
SMAD4,NKX2-5,1
PHB2,ESR1,1
YY1,TP53,1
WWP1,TP63,1
CREB1,TP53,1
NPM1,TP53,1
EP300,YY1,1
SP3,SP1,1
KAT2B,FLI1,1
EP300,IRF1,1
NCOA1,PPARA,1
HDAC3,STAT3,1
TRIM28,CBX1,1
DAXX,AR,1
PIAS1,TP53,1
TP53,FOXO3,1
STAT3,TWIST1,1
PARP9,STAT1,1
TRRAP,E2F1,1
MDM2,E2F1,1
CREBBP,VDR,1
SMARCA4,TP53,1
HES6,HES1,1
FOXP1,AR,1
TRAF6,NR2C2,1
RBL1,TFDP1,1
TFDP1,RBL1,1
SMAD4,TFDP1,1
RELA,AR,1
PPP1R13L,RELA,1
TRIB3,RELA,1
MYC,CEBPA,1
CEBPA,MYC,1
LEF1,CDX1,1
SMAD4,E2F4,1
HDAC1,SMAD2,1
SIN3A,GLI1,1
SMAD4,E2F5,1
SMAD4,CTCF,1
PIN1,CTNNB1,1
RUVBL1,CTNNB1,1
SMAD4,RBL1,1
SMAD4,AR,1
SNIP1,SMAD2,1
CCND1,RBL1,1
CCND1,RBL2,1
SP1,E2F1,1
EP300,TP73,1
HEY2,ARNT,1
MEF2A,HDAC9,1
HDAC9,MEF2A,1
TFDP2,E2F2,1
RB1,TAF1,1
TAF1,RB1,1
RB1,TFDP1,1
TFDP1,RB1,1
TFDP2,RB1,1
TFDP2,RBL1,1
E2F1,NFKB1,1
PIAS1,ESR1,1
TP53,HMGB1,1
HMGB1,TP53,1
TFDP2,E2F1,1
PHB1,E2F1,1
E2F1,TBP,1
RB1,SPI1,1
TRRAP,MAX,1
KAT2A,MYC,1
DAXX,TP53,1
TP73,TP63,1
BRD4,AR,1
SOX9,RUNX2,1
DNMT3L,DNMT3A,1
ATF4,DDIT3,1
FHL2,TRAF6,1
HDAC1,RBPJ,1
NFATC1,NFATC2,1
NFATC2,NFATC1,1
TGIF1,SMAD4,1
HDAC1,SMAD4,1
SMAD3,TFDP1,1
SMAD3,BRCA1,1
SMAD4,CREBBP,1
CREBBP,SMAD4,1
SMAD7,TGFB1,1
TGFB1,SMAD7,1
CTBP2,TCF7L2,1
CCND1,CTNNB1,1
CTNNB1,CCND1,1
AHR,AR,1
TCF4,AR,1
FOXA1,AR,1
AR,PARK7,1
AR,SMARCC1,1
NCOA1,SMARCC1,1
SIRT1,AR,1
ESR1,STAT3,1
TCF7L2,ID2,1
IRF8,TRAF6,1
IKBKB,CTNNB1,1
IKBKB,EIF2AK2,1
EIF2AK2,IKBKB,1
BRAF,RB1,1
NFKB1,JUN,1
CTNNB1,MYC,1
CTNNB1,MITF,1
IRF3,EP300,1
FOS,CCND1,1
FLT1,STAT3,1
FLT1,STAT1,1
CREBBP,IRF1,1
PIAS2,STAT1,1
EGR1,AR,1
ESR1,TRIM25,1
TP53,BARD1,1
PITX2,LEF1,1
LEF1,PITX2,1
MSX1,TP53,1
KAT2B,IRF2,1
PIAS4,IRF3,1
STAT3,HIF1A,1
CTNNB1,HIF1A,1
HIF1A,CTNNB1,1
HDAC1,SMAD3,1
SMAD2,SMAD1,1
TRIB3,DDIT3,1
PML,ELF4,1
SIRT1,TP73,1
NPM1,IRF1,1
TP53,RELA,1
TRIB3,ATF4,1
MECOM,HDAC1,1
MECOM,HDAC2,1
MDM2,PML,1
NPM1,EIF2AK2,1
EIF2AK2,NPM1,1
TP63,YAP1,1
PARP1,E2F1,1
TP53,BHLHE40,1
NCOA6,AR,1
TAL1,TCF3,1
BRCA1,FHL2,1
NCOA1,NR1H3,1
RXRG,NR1H3,1
BRD7,TP53,1
E2F1,SIRT1,1
SIRT1,E2F1,1
SNW1,VDR,1
JUN,FOSL1,1
RXRB,NR1H3,1
HDAC1,SNAI1,1
ATF2,DDIT3,1
JUN,FOSL2,1
DAXX,NR3C1,1
RB1,JUN,1
SMARCA4,ESR1,1
TLE1,RUNX1,1
KAT2B,RBPJ,1
TRRAP,ESR1,1
MED14,NR3C1,1
CTNNB1,HNF4A,1
NDN,TP53,1
HIPK2,MYB,1
TRIM27,RB1,1
EP300,VDR,1
BAP1,BRCA1,1
CREBBP,E2F1,1
PPARGC1A,PPARA,1
E2F3,MYBL2,1
ZNF653,NR5A1,1
TAF1,UBTF,1
TRIM24,ESR2,1
CREBBP,MYC,1
TP53,ERCC2,1
LYL1,TCF3,1
NRIP1,NR5A1,1
RUNX2,JUN,1
TRIB3,ATF5,1
HMGA2,PIAS3,1
HDAC2,SMAD2,1
SRCAP,CREBBP,1
KAT2B,TP73,1
PELP1,STAT3,1
MDM2,RELA,1
NCOA1,FOS,1
FHL2,E4F1,1
SMAD1,HOXC8,1
EP300,NCOA2,1
NCOA2,CREBBP,1
CREBBP,NCOA2,1
MYC,UBTF,1
DAXX,SMAD4,1
TAF1,TAF4,1
TRIM28,ZNF197,1
SMAD4,SMAD7,1
TRIM24,RARA,1
TRIM24,RXRA,1
SMAD9,SMAD2,1
HDAC3,EP300,1
RAD21,CTCF,1
CBFA2T3,TAL1,1
PIAS1,CREBBP,1
RELA,FOS,1
EP300,MYC,1
HDAC1,MYC,1
PPARGC1A,ESR1,1
JUN,TP53,1
HDAC2,TP53,1
JUN,EGR1,1
JUN,CCND1,1
JUN,FOSB,1
NELFB,JUN,1
EP300,RB1,1
BRCA1,PGR,1
HDAC4,AR,1
KAT2B,IRF1,1
SRF,GATA4,1
GATA4,SRF,1
SP100,ETS1,1
ERCC2,XPC,1
ATF4,EP300,1
EP300,ATF4,1
TAF1,CCND1,1
CCND1,BRCA1,1
BRCA1,CCND1,1
CCND1,BRCA2,1
SMARCA4,CIITA,1
BRCA1,RAD51,1
E2F4,BRCA1,1
PROX1,HNF4A,1
FOXA1,NKX2-1,1
NRIP1,NR1H3,1
RBL2,E2F1,1
EP300,E2F1,1
EP300,RUNX1,1
HDAC1,TLE1,1
PPARGC1B,PPARA,1
EP300,FOXO1,1
CREBBP,FOXO1,1
TRIM28,SIRT1,1
TRIM28,ZNF382,1
UHRF1,KAT5,1
HIPK2,TP63,1
DMAP1,DAXX,1
TAF1,JUN,1
VDR,JUN,1
MECOM,CTBP2,1
SP1,CCND1,1
NCOA3,CCND1,1
PARP1,MYBL2,1
EIF2AK2,THAP12,1
TRIM24,NR2F2,1
ATM,RAD51,1
RB1,SP1,1
RB1,SP3,1
TAF1,RBL2,1
CIITA,NFYB,1
MYB,CEBPB,1
TRIM28,CEBPB,1
TP53BP1,E2F1,1
ARID3A,E2F1,1
ABL1,BIN1,1
DAXX,TGFB1,1
TP53,ZNF148,1
TP53,KLF4,1
CREBBP,FOXO4,1
CREBBP,GATA1,1
TAF1,TAF5,1
TAF1,TAF12,1
CIITA,RFXANK,1
BCL6,JUND,1
CREBBP,ALX1,1
BRCA2,SMAD3,1
TRIM24,HNF4A,1
HIPK2,NKX2-5,1
HIPK2,NKX2-1,1
SMAD2,E2F4,1
TRRAP,E2F4,1
MEF2D,MEF2A,1
GATA4,MEF2C,1
NCOR1,DACH1,1
PIAS3,SMAD4,1
SMAD4,TOB1,1
HIPK2,SMAD2,1
PIAS3,SMAD2,1
TSG101,DAXX,1
BRCA1,NFKB1,1
BRCA1,RELA,1
PML,STAT3,1
TRIM24,VDR,1
HIPK2,TP73,1
HIPK2,NKX3-1,1
COPS5,HAND2,1
BHLHE40,BMAL1,1
MDM4,EP300,1
EP300,GATA4,1
TP73,PML,1
IKZF2,IKZF1,1
TRIM24,PML,1
TRIM24,CBX1,1
TRIM24,PGR,1
TRIM24,THRA,1
TRIM24,TAF7,1
MED1,GATA6,1
HIPK2,SP100,1
STAT3,MYOD1,1
CTBP1,EP300,1
EP300,PML,1
SRF,FHL2,1
SMAD2,GSC,1
SMAD3,GSC,1
RB1,TBP,1
PARP10,MYC,1
ATM,XRCC5,1
RBL1,MYC,1
TAF1,RBL1,1
SMAD2,RBL1,1
RBL1,MYBL2,1
TRIM28,ESR1,1
KAT5,CREB1,1
TRIB3,KAT5,1
TRIB3,SETDB1,1
FLT1,CTNNB1,1
GATA1,STAT3,1
STAT3,GATA1,1
TAF1,GFI1B,1
RELA,IRF3,1
ABL1,TRAF6,1
NCOR2,ESR2,1
IKBKB,NR2C2,1
NR2C2,IKBKB,1
ATF1,JUN,1
MYC,MXI1,1
HDAC1,CREBBP,1
ZFPM2,EP300,1
EP300,FOXO3,1
CREBBP,GCM1,1
EP300,CTBP2,1
IKZF1,IKZF3,1
BHLHE40,BHLHE41,1
PIAS3,NR3C2,1
ABL1,DDB1,1
RUNX1,CEBPA,1
HIF1A,CITED2,1
DMBX1,OTX2,1
LEF1,RUNX2,1
ZNF521,GATA1,1
PPARG,COPS5,1
NR4A1,HIF1A,1
TP53,ESR1,1
NR2C1,ESR1,1
TAF1,EWSR1,1
NR3C1,JUN,1
JUN,NR3C1,1
TBP,NR3C1,1
SMARCB1,NR3C1,1
SMARCC1,NR3C1,1
TRIM28,NR3C1,1
SMARCE1,NR3C1,1
TRIM24,NR3C1,1
PELP1,NR3C1,1
TAF1,HSF1,1
TAF1,MSX1,1
PAX6,MITF,1
HMGB1,NFKB1,1
TAF1,HMGB1,1
NFKB1,FOS,1
PARP1,NFKB1,1
TSC22D3,NFKB1,1
RELA,PPARA,1
TAF1,RELA,1
ETS2,ETS1,1
FOS,ETS1,1
PIAS1,MDM2,1
FOS,ELK1,1
ELK1,FOS,1
TAF1,FOS,1
ELK4,FOS,1
USF2,FOS,1
RBPJ,HES5,1
EP300,ATF2,1
EP300,NFYA,1
EP300,GATA3,1
CREBBP,CIITA,1
KAT2B,CTNNB1,1
EP300,NRIP1,1
EP300,NR5A1,1
EP300,MTA1,1
EP300,NR1H4,1
HIPK2,CTNNB1,1
GTF2F1,RARG,1
ATM,FUS,1
HIPK2,CTBP2,1
IKBKB,RELB,1
ATM,EWSR1,1
ATM,MED1,1
ATM,ZBTB2,1
ATM,KDM2A,1
SOX17,LEF1,1
CTBP1,LEF1,1
NOTCH1,RBPJL,1
RBPJL,HES1,1
SMAD9,SMAD1,1
SMAD7,SMAD1,1
EIF2S1,ATF4,1
FOXO3,CITED2,1
CIITA,CREB1,1
CIITA,NFYA,1
GATA3,TBX21,1
TBX21,GATA3,1
FOS,ESR1,1
SIRT1,PPARG,1
PML,SPI1,1
RUNX1,SPI1,1
CREB3,CREBBP,1
HES1,NEUROG3,1
MYC,STAT3,1
STAT3,MYC,1
POU4F2,CCND1,1
MYC,CEBPD,1
MYC,CTCF,1
CTCF,MYC,1
MAX,EIF2S1,1
TCF7L2,MYC,1
CREB5,EP300,1
JUNB,CBFB,1
NF1,TAF1,1
NFKB1,TNFAIP3,1
TNFAIP3,NFKB1,1
TBX21,STAT4,1
RB1,MXI1,1
NR3C1,TBX21,1
TRIB3,NEUROD1,1
CTNNB1,NEUROG1,1
ELK1,CCND1,1
TGFB1,GATA4,1
GATA4,TGFB1,1
SMARCC2,GTF2A1,1
SMARCA4,E2F1,1
RBBP7,SMAD2,1
PPARG,SCD5,1
TP63,HES1,1
RBBP7,GLI3,1
EIF2AK2,TRAF6,1
NOTCH3,RBPJL,1
CREB1,CCND1,1
SMAD5,ATF2,1
KAT7,SMAD2,1
WWP1,FLT1,1
YBX1,TGFB1,1
NF1,GTF2A1,1
RBL2,MXI1,1
PROX1,SOX2,1
RXRG,SCD5,1
TCF7L2,TCF7,1
HOXA7,JUN,1
MYC,PIAS2,1
TCF7,JUN,1
MEF2A,JUN,1
SMAD4,TCF7,1
MAX,BMI1,1
SMAD7,SMAD9,1
PIAS1,STAT5B,1
PBX1,BMI1,1
TRIM28,TFDP1,1
CIITA,TAF1,1
TGFB1,SKIL,1
SKIL,TGFB1,1
TP53BP1,E2F4,1
KAT5,NOTCH3,1
RELA,TRAF6,1
TRAF6,RELA,1
NANOG,STAT3,1
ZNF202,SOX17,1
CREB3L3,EP300,1
LMO4,PIAS1,1
NSD2,HDAC1,1
MAML1,GATA3,1
HDAC1,RBPJL,1
CEBPA,JUN,1
NCOA3,XBP1,1
TGFB1,SMAD4,1
SMAD4,TGFB1,1
CREB3L1,CREBBP,1
FGF23,STAT5B,1
HOXA7,FOS,1
NFIA,POLR3A,1
BRD4,NFKB1,1
PRDM1,PAX5,1
SMAD6,GATA4,1
TP73,HSF1,1
TP73,GATA1,1
SMARCA4,TAF1,1
SMAD1,ATF2,1
SMURF2,FLT1,1
NFATC3,NFATC1,1
ZMYND11,NFKB1,1
MBD3,SNAI1,1
SMAD3,PITX2,1
TP63,BRCA2,1
NR4A1,MDM2,1
RELA,CCND1,1
MXD1,TP53,1
ZBTB17,CEBPD,1
SIRT3,ACSS2,1
MAX,PIAS1,1
FOXF1,NKX2-1,1
EP300,FOXH1,1
FOS,FOSL2,1
PIAS3,STAT2,1
NOTCH1,ASCL1,1
MAX,ID2,1
ABL1,IKZF1,1
CTNNB1,TBXT,1
SPI1,PAX5,1
PAX5,SPI1,1
MAX,TP53,1
SMAD1,SOX2,1
LMO4,MITF,1
SSB,POLR3A,1
SMARCC2,TAF1,1
SNAI2,CTNNB1,1
CTNNB1,SNAI2,1
NFIB,POLR3A,1
JUN,ELK1,1
ELK1,JUN,1
CREBBP,PPARD,1
APC,RB1,1
SSRP1,TP63,1
WT1,ZNF224,1
SMAD2,TFDP1,1
E2F1,MEF2C,1
EP300,NR1H3,1
FOXA1,NRIP1,1
TAF1,GTF2B,1
PTMA,ESR1,1
NFIA,CCND1,1
SMARCA4,GTF2B,1
YY1,PRDM2,1
E2F1,E2F7,1
E2F7,E2F1,1
SMAD3,HDAC9,1
HDAC9,SMAD3,1
PPARG,JUN,1
WWP1,NRG1,1
SPI1,STAT1,1
E2F1,EGR1,1
NFIX,POLR3A,1
MYC,NPM1,1
EIF2AK2,NFKB1,1
FGF2,ETS1,1
HNF4A,SALL4,1
CTBP1,HEY1,1
TFAP2A,MUC1,1
PARP1,ZEB1,1
CREM,CRH,1
RUNX1T1,CEBPA,1
RBPJL,HES5,1
TCF7L2,CCND1,1
CTBP1,CCND1,1
SMARCE1,GTF2B,1
NCOR1,HES1,1
JUNB,GATA3,1
KLF5,SREBF1,1
MEF2C,PPARGC1A,1
NR1I3,ESR1,1
MYC,NME2,1
FOXA1,XBP1,1
CREBBP,MYF6,1
MAML2,CREB1,1
HIF1A,TGFB1,1
NOTCH1,TP53,1
SMAD6,TGFB1,1
TGFB1,SMAD6,1
SMAD1,ID3,1
YY1,JUN,1
SIN3B,SMAD3,1
TP63,CEBPD,1
EPAS1,TGFB1,1
ATF2,HES1,1
NOTCH1,FOS,1
HDAC4,TGFB1,1
MEF2B,PPARGC1A,1
SIRT1,NCOA2,1
MAX,SNAI1,1
TCF7L1,CCND1,1
TP73,HEY2,1
TP53,DEK,1
DEK,TP53,1
MYB,YEATS4,1
PIAS2,STAT2,1
IRF6,TGFB1,1
RBL2,MYC,1
SNIP1,SMAD3,1
TWIST1,HES1,1
CREBBP,TFAP2A,1
RBPJ,GATA3,1
RBPJ,CCND1,1
NFYC,TGFB1,1
POU2F1,CDX4,1
ESRRA,MEF2C,1
MEF2C,ESRRA,1
BARD1,NPM1,1
HDAC7,RUNX2,1
CTNNB1,ID2,1
RBPJ,HEY2,1
RUNX1,HDAC2,1
STAT6,CCND1,1
FGF2,PARP1,1
WNT3A,APC,1
NFATC1,NR4A1,1
HES6,ASCL1,1
JUN,NFKBIA,1
HDAC4,SMAD4,1
CDX2,CTNNB1,1
RUNX3,RUNX1,1
HDAC9,LEF1,1
HDAC3,SMAD3,1
SP1,SMAD7,1
NFKB1,LIN28A,1
ATF1,TP53,1
SMAD4,PITX2,1
FOXM1,ETV5,1
WWP1,TGFB1,1
MYC,LEF1,1
LEF1,MYC,1
NFKB1,CCND1,1
HDAC7,SMAD3,1
ATM,BRCA2,1
TP53,RBL2,1
ATOH1,HES6,1
PIAS1,MYC,1
MYC,PIAS1,1
NR0B2,NFKBIA,1
SMAD4,GATA4,1
POU2F1,CCND1,1
HIF1A,ID2,1
TGFB1,PPARG,1
PPARG,TGFB1,1
TRRAP,MDM2,1
MAX,ENO1,1
HDAC8,SMAD3,1
NCOA3,NRIP1,1
TRIB3,PPARG,1
SMARCC2,GTF2F1,1
TP53,GTF2A1,1
DDIT3,FOSB,1
FOSB,DDIT3,1
KLF2,HIF1A,1
CREB3L3,MITF,1
NKX2-1,TGFB1,1
CCND1,E2F1,1
E2F1,CCND1,1
SMARCC1,GTF2A1,1
SMAD6,CTCF,1
PIAS4,STAT3,1
KAT2A,SMAD4,1
NR0B2,SMAD3,1
TCF7L2,PPARD,1
ARID1A,GTF2A1,1
TP63,NOTCH1,1
ATF3,EGR1,1
GLI1,WNT7A,1
E2F3,MYC,1
MYC,E2F3,1
ATF2,CCND1,1
SAP30,SMAD3,1
MAX,ZFP36L1,1
GH1,BCL6,1
BCL6,GH1,1
SP1,PDX1,1
ERCC2,GTF2F1,1
NR3C1,NR1I2,1
SMAD9,NKX2-5,1
ZBTB17,MXD4,1
LMO4,FOXO1,1
SMAD1,CTCF,1
CREB1,CEBPD,1
PROP1,POU1F1,1
TCF3,MYC,1
ARNT,RORA,1
MYB,GATA1,1
GATA1,MYB,1
TBL1XR1,CTNNB1,1
HOXA7,ETS1,1
RBFOX2,HEY1,1
HEY1,RBFOX2,1
HDAC5,HDAC4,1
COPS5,FOSB,1
NR5A1,MYB,1
CITED2,NR1H3,1
CTBP1,TCF7L1,1
KLF1,KLF3,1
BHLHE40,HIF1A,1
HIF1A,BHLHE40,1
IRF6,STAT1,1
SSRP1,MDM2,1
DDB1,TP53,1
MAX,CEBPD,1
CREBBP,NR1H3,1
EGF,ATM,1
APEX1,EPAS1,1
STAT3,LBP,1
E2F1,SMAD3,1
TGFB1,EP300,1
RXRB,SCD5,1
E2F1,E2F2,1
E2F2,E2F1,1
YY1,HOXB13,1
ERCC2,TAF12,1
TGFB1,VDR,1
FGF23,FOS,1
ESRRA,MEF2A,1
MEF2A,ESRRA,1
HDAC3,NR3C1,1
HIF1A,NPM1,1
PIN1,MAX,1
FOSB,AR,1
PIAS1,STAT3,1
E2F3,MXI1,1
SATB2,HOXA2,1
FOS,SMAD7,1
FOS,LBP,1
CREBBP,CCND1,1
MAX,NME2,1
HDAC2,SMAD3,1
NFKB1,SMC3,1
SMC3,NFKB1,1
CREB5,CREBBP,1
CREB3L4,MITF,1
TGFB1,MDM2,1
JUN,LBP,1
SOX3,SOX9,1
SOX17,TCF7L1,1
PIAS3,STAT1,1
CREBBP,ASCL1,1
FOXA2,HNF4A,1
CCDC62,ESR1,1
STAT4,CCND1,1
ZNF652,TCF12,1
STAT5A,CCND1,1
RUNX1T1,SPI1,1
ZNF217,SMAD3,1
MBD2,SMAD3,1
ZBTB17,CCND1,1
NR3C2,NELFCD,1
FOXA2,NKX2-1,1
RBL2,MYBL2,1
CTNNB1,CDX4,1
FOS,TGFB1,1
RXRB,SREBF1,1
KLF5,ESR1,1
HMGB1,IKBKB,1
MTA3,SNAI1,1
PIAS4,STAT4,1
HNF1A,CCND1,1
E2F4,CCND1,1
TCF7L1,JUN,1
SP1,APC,1
MBD2,UBTF,1
CTBP1,RBPJL,1
TCF7,MYC,1
SMAD3,NR5A1,1
TGFB1,RB1,1
RB1,TGFB1,1
MAX,PIAS2,1
GLI2,GLI3,1
GLI3,GLI2,1
ARNT,FLT1,1
EP300,HES1,1
TRRAP,PTMA,1
CTNNB1,HMGA1,1
NR1I2,VDR,1
HIF1A,MXI1,1
SMAD2,RBL2,1
HDAC9,HIF1A,1
BCL11B,HIVEP3,1
RARA,SPI1,1
HDAC1,FOXP3,1
MYC,MTA1,1
MTA1,MYC,1
HDAC3,SMAD4,1
TFDP2,TP73,1
PPARGC1A,NR1H3,1
TP53,FHL2,1
MED1,NR1H3,1
BRAF,CCND1,1
CREB3L4,CREBBP,1
TGFB1,SMAD9,1
SIN3B,SMAD4,1
TRRAP,TP53,1
HDAC7,SMAD4,1
HR,SMAD4,1
EIF5A,TP53,1
TRIB3,NFATC4,1
SAP30,SMAD4,1
NCOR1,MYC,1
HDAC2,RBPJ,1
LEF1,SP5,1
NR3C1,NR1I3,1
HEXIM1,NR3C1,1
TGFB1,TRAF6,1
STAT3,IRF1,1
MYC,NFKB1,1
NFKB1,MYC,1
RB1,NFYB,1
CTBP1,HNF4A,1
TCF7L1,FOSL1,1
TRIM28,TP53,1
SMAD1,ID4,1
TGFB1,TBX21,1
PIAS3,STAT4,1
DDB2,ERCC2,1
TSG101,MED14,1
FGF23,JUN,1
ZBTB7A,NFKB1,1
PPARG,PAX8,1
NOTCH1,HES7,1
NOTCH1,CCND1,1
RELA,TNFAIP3,1
NFATC2,EGR2,1
TRAF6,FLT1,1
E2F2,TBP,1
LEF1,FOSL1,1
CREBBP,TLE1,1
HOXA7,ETS2,1
TGFB1,LEF1,1
TGFB1,ATF2,1
ATF2,TGFB1,1
TCF7,PPARD,1
NFKB1,POU2F2,1
E2F1,TFDP3,1
TFDP3,E2F1,1
RB1,MEF2C,1
TGFB1,IRF8,1
SMAD4,RBL2,1
SMAD6,NR3C1,1
NR3C1,CCND1,1
NFKB2,TRAF6,1
CEBPB,IRF9,1
IRF3,TP53,1
ZFPM1,MYB,1
MYB,TFEC,1
E2F1,SPI1,1
SMAD1,NKX2-5,1
HOXA7,SP1,1
E2F2,MEF2C,1
TGFB1,NR3C1,1
NR3C1,TGFB1,1
SMAD4,CCND1,1
ETS1,FLT1,1
EGF,ETV4,1
MTA3,SNAI2,1
TFDP1,SPI1,1
YY1,PPARGC1A,1
PIAS4,STAT6,1
TGFB1,TP53,1
ZFHX3,MYF6,1
SMAD4,SNAI1,1
PIAS2,STAT3,1
TCF7,MITF,1
E2F4,MYC,1
RXRA,SREBF1,1
RXRA,NFKBIA,1
DACH1,CCND1,1
PIAS2,MDM2,1
HDAC2,GLI3,1
ETV6,STAT3,1
E2F3,MEF2C,1
TRIB3,RUNX1T1,1
HES6,NEUROG3,1
FOS,DMTF1,1
SMARCB1,GTF3A,1
TGFB1,SMAD5,1
SMAD3,SNAI1,1
SMARCE1,GTF3A,1
SIN3A,GLI3,1
SMARCB1,TAF1,1
TCF7,FOSL1,1
DLX3,TP63,1
FOSL2,CCND1,1
SMAD9,ID1,1
HR,SMAD3,1
E2F1,ETV4,1
SMAD1,ID1,1
TRIB3,PBX2,1
SP1,NFKBIA,1
HMGA1,RB1,1
CTBP2,RBPJ,1
TP53,NFKB1,1
NFKB1,TP53,1
GH1,STAT5A,1
TP63,TFAP2C,1
TLE1,ASCL1,1
SMAD4,MYC,1
CTBP2,TCF7L1,1
RBPJ,HES7,1
MYC,PIAS4,1
CREBBP,MITF,1
CTBP2,RBPJL,1
ZNF217,SMAD4,1
MAZ,MYB,1
ATM,NFKB1,1
TP73,DEDD,1
MAX,CEBPA,1
STAT2,CCND1,1
PPARG,NFKB1,1
TCF7L1,PPARD,1
EP300,PTTG1,1
NFATC2,TLE4,1
YBX1,XBP1,1
ARID1A,GTF2B,1
NCOR1,SMAD3,1
EGF,TGFB1,1
TGFB1,EGF,1
MAX,PIAS4,1
FHL2,RUNX2,1
NRIP1,SMAD3,1
JUND,MYC,1
SMAD5,CTCF,1
APC,NELFCD,1
COPS5,TGFB1,1
NCOR1,SMAD2,1
CREB1,MITF,1
CLOCK,PER1,1
PER1,CLOCK,1
SMAD5,GATA4,1
SMARCC1,GTF2B,1
SMAD4,ID1,1
RXRG,SREBF1,1
ESR1,NR3C1,1
NR3C1,ESR1,1
NFATC1,EGR2,1
STAT5B,FOXP3,1
NOTCH1,HEY1,1
HDAC7,PML,1
KAT7,SMAD3,1
PIAS1,STAT5A,1
TGFB1,PIAS4,1
PIAS4,TGFB1,1
EGF,STAT3,1
SMAD4,ID3,1
ZBTB7A,SREBF1,1
MYB,MYF6,1
MAML2,GATA3,1
SMARCB1,GTF2A1,1
HES1,ASCL1,1
SMARCB1,FOS,1
SMAD5,ID1,1
SMAD9,ID2,1
MYC,PEG10,1
RBBP7,GLI1,1
AHRR,AHR,1
AHR,AHRR,1
LEF1,JUN,1
KAT2B,SMAD4,1
TFAP2A,JUN,1
KLF1,PPARG,1
FOXA1,CCND1,1
PARP1,SNAI1,1
CRTC2,SIRT1,1
POU2F1,TMPRSS2,1
CIITA,RFXAP,1
NR2F1,MYC,1
RUNX1,CTBP1,1
GH1,STAT5B,1
ERCC2,TBP,1
NFATC2,EGR3,1
MEF2A,PPARGC1A,1
NFKB1,TGFB1,1
SNAI1,EGR1,1
EGR1,SNAI1,1
ARID1A,GTF3A,1
CREBBP,RBPJ,1
SMAD6,NKX2-5,1
EGF,FLT1,1
NR3C1,EGR1,1
NRG1,NFKB1,1
PIAS2,STAT5A,1
NR1H2,NR1H4,1
JUN,HES1,1
NR1H2,SREBF1,1
ARID1A,GTF2F1,1
CREB3L3,CREBBP,1
FOXA2,AR,1
JUN,NR1H3,1
SPEN,HEY1,1
SMARCB1,GTF2B,1
MYC,MXD4,1
SMAD3,RBL2,1
MAX,E2F3,1
STAT2,MYC,1
DACH1,AR,1
CCNT2,GTF2F1,1
HOXA7,CEBPA,1
E2F4,MXI1,1
SIN3A,SMAD3,1
TP63,SMARCD3,1
HEY2,SRF,1
NOTCH1,GATA3,1
NRIP1,SMAD4,1
AHR,FOSB,1
HIPK2,NR5A1,1
E2F8,E2F1,1
TCF7L2,TBXT,1
MAFB,TFE3,1
TP53,GLI1,1
GLI1,TP53,1
TGFB1,SMURF2,1
TGFB1,KLF10,1
KLF10,TGFB1,1
MECOM,E2F1,1
MYC,BMI1,1
TP63,VDR,1
MAX,PTMA,1
CREB3,MITF,1
SMAD4,ID4,1
SAP30,SMAD2,1
AR,STAT1,1
ARID1A,NR3C1,1
ATM,TFDP1,1
ELF3,EHF,1
NF1,TP53,1
FUS,NFKB1,1
TCF3,CCND1,1
KLF4,EGR3,1
TGFB1,SMAD1,1
ARNT,BHLHE40,1
EP300,CDX1,1
TCF7L1,MYC,1
CCND1,E2F2,1
LEF1,TBXT,1
PIAS4,STAT5A,1
TFDP2,RBBP8,1
HDAC5,SMAD4,1
NCOA1,SMAD3,1
KCNIP3,FOS,1
HNF1A,MYC,1
ETV1,SMAD7,1
CIITA,NFYC,1
TCF7,CDX1,1
SMARCA4,GTF2F1,1
E2F1,AR,1
SMAD6,ATF2,1
PPARG,TSC22D1,1
TFAP2C,ESR1,1
NF1,GTF2B,1
SMAD5,ID4,1
SMARCC2,NR3C1,1
HOXB13,AR,1
CCNT2,NELFB,1
EP300,RBPJL,1
NFIC,CCND1,1
SMAD9,GATA4,1
KAT2A,RBPJ,1
PIAS4,ETV4,1
FOSB,TGFB1,1
SIRT1,RB1,1
HDAC11,SMAD4,1
HDAC9,NR4A1,1
SMARCB1,GTF2F1,1
NFKB1,SRF,1
MAX,PEG10,1
NR1I3,VDR,1
NFKB2,CCND1,1
NPM1,AR,1
SMAD1,TLX2,1
SMAD1,ID2,1
SMARCC1,TAF1,1
TGFB1,SNAI2,1
FOXO3,FOXO4,1
NR4A1,E2F1,1
SMAD4,MEF2C,1
AHR,TGFB1,1
TBP,CEBPD,1
KLF4,APC,1
HDAC3,DDIT3,1
LHX9,LHX1,1
RBL2,BRCA1,1
ESRRA,MEF2B,1
MEF2B,ESRRA,1
SMAD4,TCF7L2,1
SIN3B,GLI1,1
AHR,NFKB1,1
MAX,NPM1,1
CTBP1,RBPJ,1
CREB3L1,MITF,1
HDAC1,TLE5,1
HEY2,MYOCD,1
MYC,JUN,1
JUN,MYC,1
ATF4,NUPR1,1
DBP,NR1I2,1
HDAC9,TLE5,1
ATF6,SREBF2,1
E2F3,SPI1,1
GLI3,WNT3A,1
ETV3,E2F4,1
TCF7L2,FOSL1,1
SMAD9,ID3,1
NR5A1,TCF7L2,1
NCOR2,RBPJL,1
PIAS3,STAT5B,1
JUN,HEY1,1
HNF1A,NFKBIA,1
SMARCA4,SMARCA1,1
ESR1,MTA3,1
E2F3,TBP,1
KLF8,CCND1,1
TFDP2,BRCA1,1
FGF2,TP53,1
NFKB1,TRAF6,1
TRAF6,NFKB1,1
JUNB,DMTF1,1
SMAD2,E2F5,1
NFATC2,IKZF1,1
STAT4,STAT2,1
TLE5,CCND1,1
TLE1,CCND1,1
FGF23,STAT1,1
HDAC10,SMAD4,1
EPAS1,TWIST1,1
SIRT1,PML,1
SOX17,TCF7,1
PARP1,FOXO1,1
TCF4,CCND1,1
NOTCH1,JUN,1
STAT5B,CCND1,1
NR0B2,NR3C1,1
SMARCC2,GTF3A,1
FOXO4,RBL2,1
PIAS4,STAT5B,1
RBL1,MDM2,1
CCND1,NEUROD1,1
NFIB,CCND1,1
NR2F2,NR5A1,1
CTBP1,PPARD,1
TCF4,MYC,1
NF1,NR3C1,1
MRTFA,FOS,1
GH1,STAT1,1
HDAC5,SMAD3,1
RBL1,BRCA1,1
ATF2,ESR1,1
BTG2,FOXM1,1
STAT6,EGR2,1
MEF2D,PPARGC1A,1
HDAC1,GLI3,1
PRMT5,TP53,1
JUN,ETV1,1
TP53,NFE2L2,1
HOXA9,TGFB1,1
NPAS2,NR1D1,1
KAT2B,NCOA2,1
USF1,TGFB1,1
CTBP1,TCF7,1
HDAC8,SMAD4,1
TLE5,MYC,1
FGF2,FOS,1
CCND1,TFDP1,1
TFDP1,CCND1,1
HDAC2,GLI1,1
CCND1,STAT1,1
STAT1,CCND1,1
HDAC9,SMAD4,1
NR1H3,MYC,1
ONECUT1,CCND1,1
TRIM28,TFDP2,1
GH1,TP53,1
HDAC3,MEF2C,1
HDAC1,KLF4,1
RBL1,MXI1,1
MYC,NCOA3,1
NCOA3,MYC,1
GH1,STAT3,1
RB1,NFYA,1
CEBPB,ID1,1
TCF7L1,MITF,1
FOSL1,CCND1,1
LEF1,CCND1,1
CTNNB1,HDAC9,1
NELFB,FOSB,1
MYC,DDIT3,1
HNRNPR,FOS,1
SAP30,GLI3,1
PIAS1,STAT2,1
E2F3,E2F1,1
HIF1A,BHLHE41,1
FOXP3,NFKB1,1
E2F1,CTNNB1,1
ZNF274,TP53,1
NR1H3,NFKBIA,1
SMAD1,GATA4,1
SIN3A,MYC,1
MYC,EIF2S1,1
FOXM1,NFATC3,1
STAT4,ETV5,1
HDAC3,ATF2,1
EP300,EIF2S1,1
FGF2,STAT5B,1
TP63,RUNX1,1
STAT3,MUC1,1
NKX2-5,MEF2C,1
HES1,E2F1,1
GLI2,WNT3A,1
NRG1,STAT5B,1
IRF9,FOS,1
SMARCC1,GTF3A,1
CTNNB1,SP5,1
JUND,MYB,1
E2F2,MYC,1
MBD2,SMAD4,1
RXRA,SCD5,1
NCOR1,PGR,1
FOXO3,FOXO1,1
PER2,CLOCK,1
CLOCK,PER2,1
TGFB1,SRF,1
E2F2,MXI1,1
PGR,NR3C1,1
PPARA,SCD5,1
STAT1,SMAD7,1
SIN3A,SMAD2,1
SMARCC1,GTF2F1,1
MEF2D,NR4A1,1
TGFB1,FOXP3,1
TLE5,NFKB1,1
FLI1,TP53,1
MAX,MTA1,1
YAP1,PGR,1
KLF5,KLF4,1
CREB3L4,EP300,1
KAT2B,YY1,1
SMAD9,TLX2,1
SALL3,DNMT3A,1
TTF1,TGFB1,1
PML,SMAD7,1
RELA,POU2F2,1
SMAD4,PPARD,1
FOXO1,PAX3,1
CTNNB1,SALL4,1
PAWR,PITX2,1
NONO,PGR,1
TP63,NRG1,1
NR0B2,MYC,1
SMAD9,ID4,1
PARP1,ASCL1,1
GH1,ONECUT1,1
YBX1,JUN,1
SMAD4,GSC,1
PIAS2,STAT6,1
ARNT,NPM1,1
CTNNB1,PPARD,1
ARID1A,TAF1,1
SPEN,HES1,1
STAT5A,FOS,1
CREBBP,YY1,1
TP73,BRCA2,1
MAX,PIAS3,1
CREB3L2,CREBBP,1
EGF,STAT1,1
HBP1,CCND1,1
PHOX2B,TLX2,1
FOS,TCF7L2,1
PPARA,MYC,1
MDM2,FOXO1,1
EP300,MYF6,1
SMAD2,PITX2,1
ATF2,CBFB,1
PHB1,YY1,1
CREB1,NR4A3,1
NCOR1,SMAD4,1
PIAS1,STAT6,1
PPARG,IRF1,1
FOS,FOSL1,1
GLI1,FOXA2,1
RUNX1T1,RUNX1,1
IRF1,TP53,1
SMAD2,NUCKS1,1
MAML1,RBPJL,1
PIAS4,STAT2,1
MYC,PTMA,1
TP73,RAD51,1
SPI1,TGFB1,1
PPARA,AHR,1
SMAD6,SMAD9,1
ATF2,KAT5,1
TFDP1,HIC1,1
SOX4,TP53,1
PIAS3,STAT5A,1
RB1,RBL1,1
ETS1,CCND1,1
E2F1,APC,1
SPI1,MAFB,1
CTNNB1,KAT5,1
MYOD1,MYF6,1
CREB3L1,EP300,1
ARID4A,E2F1,1
NR3C1,AHR,1
CLOCK,NR1D1,1
NR1D1,CLOCK,1
TRIB3,ZNF692,1
LEF1,CDX4,1
TGFB1,SMAD2,1
SMAD2,TGFB1,1
HDAC1,HES1,1
TP53,EZH2,1
HES1,RUNX2,1
AIP,NR3C1,1
PIAS2,STAT5B,1
SMAD9,CTCF,1
DBP,SRCAP,1
CREB1,FOS,1
FOSL1,DMTF1,1
STAT4,MYC,1
EPAS1,FLT1,1
MDM2,FLT1,1
GLI1,SNAI1,1
NR3C1,IRF1,1
TFDP2,MYBL2,1
FOXA1,FOXA2,1
FOXA2,FOXA1,1
SIN3B,GLI3,1
SKI,MYC,1
HNF1A,PPARD,1
SOX6,NR0B1,1
FOS,CBFB,1
EPAS1,BHLHE40,1
SMAD9,ATF2,1
TP63,DLX5,1
ISL1,HNF4A,1
SMAD1,PAX3,1
DAXX,FLT1,1
JUN,SMAD7,1
KAT5,DLL1,1
PTTG1,FGF2,1
MYC,TP53,1
ATM,TFDP2,1
CREBBP,RBPJL,1
MAML2,RBPJL,1
NFIC,POLR3A,1
SMARCA4,MRTFA,1
UNC13B,STXBP1,1
PER1,AR,1
LMO4,PIAS3,1
TCF7L2,MITF,1
ATM,BARD1,1
E2F2,SPI1,1
SREBF1,NR0B2,1
HLX,STAT4,1
TP63,HBP1,1
JUN,MYB,1
SMAD6,SMAD5,1
SMARCA4,GTF3A,1
LYL1,CREB1,1
STAT5B,NFKBIA,1
GLI1,WNT3A,1
LEF1,PPARD,1
NCOR2,HES1,1
SMAD5,ID3,1
IKBKB,TSC22D3,1
ELK1,CITED2,1
FOSL2,FOSL1,1
HIF1A,ESR2,1
ESR2,HIF1A,1
MAX,HMGA1,1
MEF2D,JUN,1
TFDP1,RBBP8,1
TLE1,PPARD,1
NFATC1,MEF2A,1
RXRA,MYC,1
HDAC1,HNF1A,1
ERCC2,TAF1,1
STAT3,CEBPD,1
SMAD5,ID2,1
ZNF197,HIF1A,1
STAT1,GATA3,1
TLE5,PPARD,1
WNT3A,CTNNB1,1
HOXB9,BMI1,1
NR1H3,SREBF1,1
ARNT,ETS1,1
TP63,TBXT,1
SMARCE1,GTF2A1,1
WT1,IRF8,1
STAT5A,BCL6,1
CREB3L2,EP300,1
SMAD4,ID2,1
TGFB1,TSC22D1,1
STAT3,BCL6,1
NOTCH1,APC,1
EP300,DNMT1,1
RUNX1,HDAC1,1
KAT7,TCF3,1
CREBBP,RB1,1
TP53,MYB,1
TGFB1,FLI1,1
TGFB1,CREBBP,1
ARNT,POU5F1,1
STAT3,PPARGC1A,1
HIF1A,ETS1,1
JUN,TCF7L2,1
TCF7L2,JUN,1
HDAC4,SMAD3,1
SMAD5,NKX2-5,1
TCF7,CCND1,1
MAX,UBTF,1
E2F1,MYCN,1
SMARCE1,TAF1,1
JUN,TGFB1,1
MED15,TGFB1,1
CTBP2,TCF7,1
TFDP2,MYC,1
DEK,RELA,1
KAT2B,FOXO3,1
NFATC3,EGR3,1
STAT5A,NFKBIA,1
HIF1A,ENO1,1
TFDP1,SIRT1,1
STAT6,MYC,1
SMARCC2,GTF2B,1
RUNX1,CTBP2,1
TRIB3,BCL3,1
FGF2,HIF1A,1
FOXH1,GSC,1
FOS,TP53,1
NOTCH3,DTX1,1
TGFB1,WT1,1
EP300,FOXO4,1
HDAC9,TLE1,1
SMAD5,TLX2,1
HDAC2,MDM2,1
HIF1A,HDAC5,1
MAX,CCND1,1
SIX3,DLX2,1
NCOA1,SMAD4,1
SIX1,SALL1,1
TP63,EGR2,1
NUPR1,NFATC2,1
NCOR2,MEF2C,1
STAT5A,NR1H3,1
ESRRA,MEF2D,1
MEF2D,ESRRA,1
PIN1,TGFB1,1
SIRT1,ACSS2,1
EGF,NFKB1,1
PIAS2,NR3C1,1
TFDP1,TP73,1
MAML1,HES1,1
MAML2,HES1,1
EP300,SRY,1
NR5A1,LEF1,1
SKIL,SMAD7,1
NPM1,APEX1,1
EGF,GH1,1
PRDM1,ESR1,1
SIN3A,SMAD4,1
STAT5B,FOS,1
ZBTB17,DDIT3,1
FGF2,JUN,1
SMAD7,RB1,1
TFDP1,TBP,1
TCF7L2,SALL4,1
EP300,GATA1,1
TP63,SEC14L2,1
MYC,ENO1,1
ENO1,MYC,1
SAP30,GLI1,1
TGFB1,RELA,1
RELA,TGFB1,1
CREB3L2,MITF,1
HIF1A,RORA,1
KAT7,STAT3,1
MYCN,HMGA1,1
YY1,TGFB1,1
TP63,FOSL2,1
RBBP7,SMAD4,1
STAT4,IRF1,1
ETS1,TFAP2A,1
ESR2,CCND1,1
TGFB1,DACH1,1
DACH1,TGFB1,1
RUNX1,TGFB1,1
FGF2,STAT1,1
FOXH1,MEF2C,1
TLE1,MYC,1
NFATC1,SP1,1
TP63,POU2F2,1
MYC,PIAS3,1
NF1,GTF2F1,1
ARNT,CITED2,1
LEF1,SALL4,1
HDAC2,SMAD4,1
HDAC11,SMAD3,1
FOXA2,PDX1,1
TFDP2,SIRT1,1
PIAS1,STAT4,1
NFATC1,SP3,1
NRG1,STAT5A,1
GLI1,GLI3,1
PGR,HOXA5,1
TCF7L2,CDX1,1
E2F1,SRSF2,1
PA2G4,FOXA1,1
E2F1,MYB,1
HINFP,RB1,1
NF1,GTF3A,1
ARNT,ID2,1
CREBBP,GLI1,1
NFATC1,EGR3,1
ARNT,ENO1,1
SRF,FOS,1
CTNNB1,LDB1,1
GLI2,FOXA2,1
KAT2B,RBPJL,1
SMAD4,TLX2,1
GLI2,WNT7A,1
JDP2,FOSB,1
SP1,CEBPD,1
MYF5,MYF6,1
MYC,SNAI1,1
CTBP2,LEF1,1
PIAS3,STAT6,1
HNF1A,PDX1,1
VDR,FOS,1
KAT7,KLF11,1
MYC,EZH2,1
E2F5,MYC,1
YEATS4,TP53,1
MYC,CCND1,1
ATF3,KLF6,1
TFDP1,BRCA1,1
KDM5C,SMAD3,1
STAT1,TBX21,1
HDAC2,RBPJL,1
RBBP7,SMAD3,1
PIAS3,NFKB1,1
HOXB13,TCF7L2,1
TFDP2,HIC1,1
ELK1,EGR1,1
FGF2,CREB1,1
RUVBL1,PTMA,1
CDX2,CDX1,1
MYC,HMGA1,1
NR0B2,TGFB1,1
POU2F1,PTTG1,1
SMAD7,SMAD5,1
CCNT2,NELFCD,1
NR2F2,USF2,1
TP73,FOXO3,1
E2F4,E2F1,1
ESR1,ESRRG,1
PHB2,BTG2,1
CREB3,EP300,1
HDAC10,SMAD3,1
NOTCH1,KLF4,1
RB1,NFYC,1
MEF2B,JUN,1
CRH,GH1,1
MAX,DDIT3,1
CDX2,ATOH1,1
ATF2,PPARGC1A,1
SIN3B,SMAD2,1
ARNT,BHLHE41,1
KAT7,TGIF1,1
KAT5,PTMA,1
POU3F2,MITF,1
TP63,TCF7L1,1
MBD3,SNAI2,1
FOXO1,PDX1,1
TFDP1,MEF2C,1
PAX3,PAX7,1
CCND1,E2F3,1
GLI3,WNT7A,1
TNFAIP3,NFKBIA,1
TRIM28,MYC,1
RELA,NR1H3,1
EPAS1,CITED2,1
BRAF,MITF,1
HOXB7,FGF2,1
TLE1,HNF4A,1
CTNNB1,CDX1,1
CDX1,CTNNB1,1
TP53,AR,1
AR,TP53,1
MYC,ZFP36L1,1
SMAD4,TCF7L1,1
CREBBP,EIF2S1,1
POU2F1,NFKB1,1
SP1,NR1H3,1
NFATC3,EGR2,1
HDAC3,ID2,1
FOXO4,BCL6,1
PML,TP63,1
VHL,CTNNB1,1
STAT5B,NR1H3,1
ZNF461,NR5A1,1
TCF7L2,LEF1,1
NFATC2,NR4A1,1
HIF1A,FLT1,1
NOTCH1,MYC,1
HDAC1,SNAI2,1
NR2F1,NFKBIA,1
ARNT,TWIST1,1
CREBBP,NR4A1,1
CTBP1,MYC,1
TP53,SNAI2,1
NCOA2,KAT6A,1
SMARCA4,GTF2A1,1
TGFB1,AR,1
RBBP8,HEY1,1
FOXA1,NKX3-1,1
PIAS3,MYB,1
PPARA,NFKBIA,1
EPAS1,POU5F1,1
PML,TNFAIP3,1
TFE3,SMAD7,1
STAT1,WT1,1
EGF,CTNNB1,1
CTNNB1,EGF,1
RB1CC1,RB1,1
KAT2A,RBPJL,1
LEF1,SNAI2,1
EP300,RBPJ,1
JUN,DMTF1,1
SMARCE1,GTF2F1,1
KAT5,PLAGL2,1
CTBP1,SMAD2,1
CCNT2,NELFE,1
HIPK2,LEF1,1
ESR1,FOXA1,1
SRY,SOX3,1
MYC,ID2,1
MBD4,APEX1,1
ATM,FOXO1,1
ATM,ARHGAP35,1
GTF2B,ATM,1
ATM,GTF2B,1
ATM,BRF1,1
ATM,HOXB6,1
ATM,DLX6,1
ATM,DNMT3B,1
ATM,ELF1,1
ATM,BPTF,1
ATM,NFIA,1
CREB1,BCL11A,1
ATM,FOXK2,1
ATM,ILF2,1
ATM,MBD1,1
MYC,RUVBL1,1
MYC,SAP30,1
CREB1,E2F5,1
CREB1,GTF2I,1
MYC,SFPQ,1
MYC,SF1,1
E2F6,MYC,1
MYC,SETBP1,1
E2F5,ESR1,1
CREB1,FLI1,1
CREB1,KLF15,1
MYC,SKIL,1
E2F4,ATM,1
CREB1,JDP2,1
MYC,SLC2A4RG,1
E2F3,PPARG,1
PAX6,CRX,1
MYC,RBMX,1
TGFB1,MITF,1
PAX2,MITF,1
MITF,VSX2,1
VSX2,MITF,1
PAX6,ASCL1,1
SIX3,VSX2,1
MEIS1,PAX6,1
SIX3,SOX2,1
PAX6,FOXG1,1
PAX6,PAX2,1
PAX2,PAX6,1
PAX6,TBX5,1
PAX6,FOXD2,1
PAX6,VAX1,1
VAX1,PAX6,1
VAX2,PAX6,1
MYC,PAX5,1
MYC,PA2G4,1
LHX2,VSX2,1
LHX2,MITF,1
SIX3,RAX,1
LHX2,PAX2,1
PAX6,PROX1,1
PAX6,SOX2,1
ATM,CUX1,1
ATM,CTBP1,1
ATM,CTBP2,1
ATM,CREBBP,1
ATM,BTF3,1
MYC,NR4A1,1
MYC,NR3C1,1
MYC,YBX1,1
E2F4,MCM5,1
E2F4,E2F7,1
MYC,NCOA2,1
MYC,NFKB2,1
MYC,NFATC1,1
E2F2,MYBL2,1
E2F4,HOXA3,1
E2F4,RBBP8,1
MYC,MLLT3,1
E2F4,BARD1,1
MYC,MAZ,1
E2F1,RBBP8,1
E2F1,PPARG,1
E2F4,EED,1
E2F4,ESR1,1
E2F3,ATM,1
E2F4,PPARG,1
E2F1,DNMT1,1
E2F1,YBX3,1
E2F4,EZH2,1
MYC,HDLBP,1
ATM,EEF1D,1
MYC,GTF3A,1
MYC,HNRNPR,1
MYC,HMGB1,1
ATM,NCOA2,1
ATM,PURB,1
ATM,KMT2D,1
ATM,KMT2B,1
E2F2,MYCN,1
E2F3,MYCN,1
MYC,IRF5,1
MYC,IRF2,1
MYC,ESR2,1
MYC,ETV6,1
E2F1,EIF2AK2,1
MYC,ZNF362,1
MYC,FOXP4,1
E2F3,EED,1
E2F3,EZH2,1
MYC,DNMT3B,1
ATM,ATRX,1
MYC,YBX3,1
MYC,BCL3,1
MYC,BCLAF1,1
MYC,BHLHE41,1
MYC,KLF6,1
MYC,CBFA2T3,1
ATM,TCF20,1
ATM,TCF19,1
ATM,TCF12,1
ATM,TTF1,1
ATM,ZNF711,1
ATM,KAT6A,1
ATM,MLLT10,1
ATM,ZNF8,1
ATM,ZKSCAN1,1
ATM,ZNF24,1
ATM,RREB1,1
ATM,SMARCB1,1
ATM,STAT3,1
ATM,NFRKB,1
ATM,CNOT4,1
ATM,PBX2,1
ATM,PIN1,1
ATM,SP100,1
ATM,TOP1,1
ATM,OSR1,1
CREB1,CUX2,1
CREB1,ZNF143,1
CREB1,TRERF1,1
CREB1,TFAP4,1
CREB1,SATB2,1
CREB1,SMAD1,1
CREB1,PRDM10,1
CREB1,NR3C2,1
CREB1,NFIA,1
CREB1,LMO3,1
CREB1,MLLT3,1
ATM,ILF3,1
ATM,BCLAF1,1
ATM,SMARCC1,1
ATM,CHD8,1
ATM,ARID2,1
ATM,RAD21,1
ATM,ZKSCAN4,1
ATM,DDX5,1
ATM,ZMYND11,1
ATM,SRCAP,1
ATM,ZBTB18,1
ATM,YAP1,1
ATM,GTF2IRD1,1
ATM,ZNF592,1
ATM,ZBTB33,1
ATM,SETDB1,1
ATM,CGGBP1,1
ATM,BARX2,1
ATM,NCOA1,1
ATM,TRIM24,1
ATM,ARID1A,1
ATM,ELL,1
ATM,BAP1,1
ATM,FUBP3,1
ATM,ZBTB44,1
ATM,ZZZ3,1
ATM,AFF4,1
ATM,POLR1A,1
ATM,ZNF318,1
ATM,ZMYND8,1
ATM,ZNF281,1
ATM,ADNP,1
ATM,ZNF292,1
ATM,SPEN,1
ATM,ZHX1,1
ATM,KAT7,1
ATM,PRDM10,1
ATM,ZNF335,1
ATM,NUCKS1,1
ATM,ZBTB10,1
MYC,IKZF1,1
MYC,ZZZ3,1
MYC,ZEB2,1
MYC,ZFP36,1
MYC,ZNF224,1
MYC,ZHX1,1
MYC,TTF2,1
MYC,TRIM8,1
MYC,ZBTB4,1
MYC,KDM6A,1
ATM,SIX4,1
ATM,ARID4B,1
MYC,TFEB,1
MYC,TLE3,1
MYC,BHLHE40,1
ATM,FOXJ2,1
ATM,BDP1,1
ATM,ZFP64,1
ATM,AEBP2,1
ATM,IRF4,1
ATM,ZFPM1,1
PIAS1,BRCA1,1
ATM,MAML2,1
ATM,ZC3H8,1
ATM,SNIP1,1
ATM,TBL1XR1,1
MYC,ASH1L,1
IKBKB,SMARCC1,1
IKBKB,STAT1,1
ATM,COPS5,1
TRIM24,MLLT3,1
TRIM24,TGIF1,1
TRIM24,ZNF24,1
EIF2AK2,NKX2-1,1
EIF2AK2,ILF2,1
EGF,IKBKB,1
ATM,CCND1,1
EGF,AR,1
NRG1,AR,1
EGF,ATF7,1
MUC1,TP53,1
NUPR1,TP53,1
PIN1,NFKBIA,1
EGF,NFKBIA,1
EGF,EP300,1
RB1,ESR1,1
EGF,ESR1,1
NRG1,ESR1,1
GH1,CEBPB,1
APC,CEBPB,1
FGF2,CEBPB,1
EGF,JUN,1
HMGB1,CTNNB1,1
FGF2,CTNNB1,1
NOTCH3,CTNNB1,1
FGF2,PGR,1
ERG,RELA,1
SRSF1,RELA,1
KLF5,RELA,1
HNF4A,RELA,1
TMPRSS2,RELA,1
HOXA3,RELA,1
CTBP1,RELA,1
TRIM21,RELA,1
URI1,RELA,1
RUNX1T1,RELA,1
NFIA,RELA,1
HTATIP2,CTNNB1,1
IKBKB,ESR1,1
EGF,YBX1,1
FGF2,STAT3,1
PARP1,STAT3,1
TRIM14,STAT3,1
STAT3,EZH2,1
EZH2,STAT3,1
RUNX3,TP53,1
EPAS1,TP53,1
SALL4,TP53,1
SPI1,TP53,1
MEFV,TP53,1
SETDB1,TP53,1
ZNF331,TP53,1
DMAP1,TP53,1
ERG,YAP1,1
TP53,HSF1,1
ZBTB18,RELA,1
ISL1,CTNNB1,1
SMAD7,ATM,1
TGFB1,ATM,1
TGFB1,CTNNB1,1
PA2G4,SP1,1
EGF,ATF2,1
HIPK2,NOTCH1,1
TGFB1,STAT1,1
EGF,NELFE,1
IKBKB,MYC,1
XRCC6,TRIM28,1
XRCC5,TRIM28,1
RUNX1T1,RB1,1
RUNX1,RB1,1
KDM6B,RB1,1
JUN,CTBP1,1
MUC1,SMAD2,1
ETV1,ETV5,1
LRRFIP1,CTNNB1,1
KDM5B,CTNNB1,1
HMGA2,CTNNB1,1
HSF1,CTNNB1,1
HDAC8,RAD21,1
PBX1,PHB1,1
MDM4,CTNNB1,1
TP53,STAT3,1
TGFB1,STAT3,1
POU5F1,STAT3,1
SNAI1,STAT3,1
SNAI2,STAT3,1
SMAD4,STAT3,1
TRIM27,STAT3,1
PASD1,STAT3,1
SIRT1,STAT3,1
SIRT3,STAT3,1
XBP1,STAT3,1
FOXO3,STAT3,1
MEFV,STAT3,1
ID1,STAT3,1
YAP1,STAT3,1
ARID3B,STAT3,1
EGF,STAT5B,1
EGF,ELK1,1
WNT7A,JUN,1
EGF,FOSL2,1
EGF,PIN1,1
DDX5,RELA,1
NR2C2,E2F1,1
NRG1,MYC,1
NF1,MDM2,1
MEFV,MDM2,1
IKBKB,MDM2,1
CCND1,RUNX3,1
HDAC4,FOS,1
NFKB1,FOXO3,1
SMURF2,FOXO3,1
URI1,FOXO3,1
NRG1,PA2G4,1
SSRP1,TP53,1
EGF,PGR,1
EGF,SMAD2,1
BRAF,MAFG,1
HIF1A,PPARG,1
IKBKB,NCOR2,1
EGF,PML,1
EGF,SMAD3,1
PARP9,IRF3,1
PA2G4,STAT1,1
PIN1,ESR1,1
JUN,HSF1,1
NRG1,YY1,1
TGFB1,GTF2I,1
FGF2,HNRNPA1,1
EGF,ATF1,1
ZBTB12,IRF3,1
PELP1,NCOA3,1
EIF2AK2,TRIM28,1
DDIT3,FOXO3,1
PGR,FOXO3,1
NR3C1,FOXO3,1
EGF,FOXO3,1
GC,NR3C1,1
STAT3,STAT2,1
GH1,PPARG,1
EIF2AK2,FOXO1,1
TRIB3,FOXO1,1
KAT2B,FOXO1,1
TP53BP1,SMC3,1
PHB1,BRAF,1
EGF,ETS2,1
EGF,BCLAF1,1
EGF,CTCF,1
EGF,HNRNPD,1
EGF,MCM2,1
EGF,SIRT2,1
EGF,AATF,1
EGF,BRF1,1
EGF,CDK5RAP2,1
EGF,ERF,1
EGF,KDM3B,1
EGF,KHDRBS1,1
EGF,MRTFA,1
EGF,NAB2,1
EGF,NSD1,1
EGF,PITX1,1
EGF,SON,1
EGF,SPEN,1
EGF,TAF7,1
EGF,TP53BP1,1
EGF,YAP1,1
EGF,ZNF503,1
EGF,NR4A1,1
CCND1,UBTF,1
SALL4,ATM,1
NFE2L1,NRF1,1
FOXC1,RELA,1
KAT2A,PPARGC1A,1
EGF,FOS,1
PIN1,BRD4,1
FGF2,RUNX2,1
NFE2,NCOR2,1
ATM,ING2,1
CCNT2,MYOD1,1
ID1,HIF1A,1
ATM,SIRT6,1
RORC,IKBKB,1
ID1,KDM5C,1
PIN1,MYBL2,1
